Workbook
Name Z_4076B397_909E_4026_BE11_525A508BFFEA_.wvu.Cols: Einzel!$D:$Y

Sheet Favoriten
A1: Gesellschaften | B1: Werner | C1: Volker | D1: Hans Jürgen | E1: Frank M. | F1: Frank H. | G1: Tommy | H1: Abrechnungen
A2: Aachener Bausparkasse | C2: x | E2: x
A3: abc-teleconsult
A4: ACE European Group Limited Direktion für Deutschland
A5: AdvoCard (Generali)
A6: Allianz Sach | B6: x | C6: x | D6: x | E6: x | G6: x
A7: Deutsche Lebensversicherung AG (Allianz) | B7: x | E7: x
A8: Allianz Leben | B8: x | C8: x | D8: x | E8: x | F8: X
A9: Allianz Kranken | B9: x
A10: Alte Leipziger Sach und Leben | B10: x | C10: x | E10: x | G10: x
A11: Alte Leipziger Bauspar AG | C11: x | E11: x | G11: x
A12: Ammerländer | B12: x | E12: x | G12: x
A13: Amex | E13: (X)
A14: AOK Plus | B14: x | C14: x | G14: x
A15: ARAG Versicherungen | C15: x | G15: x
A16: ARAG Krankenversicherungen
A17: ARAG Rectsschutzversicherung | B17: x | C17: x | D17: x
A18: ASC
A19: Apella | E19: (x)
A20: HDI (Aspecta)
A21: AUXILIA Rechtsschutz-Versicherungs AG | B21: x | C21: x | E21: x | G21: x
A22: AAB Augsburger Aktienbank (Invers)
A23: AXA/DBV Kranken | B23: x | C23: x | D23: x | E23: xx
A24: Baden-Badener | C24: x | G24: x | H24: Zurich
A25: Barmenia | B25: x | C25: x | D25: x
A26: Adcuri | B26: x | C26: x | G26: x
A27: Basler (Sach) | B27: x | C27: x | D27: x | G27: x
A28: Basler Lebensversicherung AG | B28: x
A29: Basler Service GmbH | B29: x | C29: x | D29: x | E29: x
A30: BKM Bausparkasse Mainz | C30: x | G30: x
A31: BCA
A32: die Bayerische (ex BBV) | B32: x | C32: x | E32: x | G32: x
A33: BHW (Invers) | C33: x
A34: Brandgilde Versicherung | B34: x | D34: x
A35: Canada Life | B35: x | C35: x | D35: x | G35: x
A36: carglass | B36: x | C36: x | G36: x
A37: Care Concept | C37: x | D37: x | E37: x
A38: Concordia | B38: x | C38: x | D38: x | G38: x
A39: Condor Klass. LV/BU / Optima
A40: Condor Leben (FLV) / Optima | D40: x | E40: x | F40: X
A41: Condor Sach (nur Altbestand) | E41: x | G41: x
A42: Continentale
A43: covomo | C43: x | G43: x
A44: CSS
A45: DEGENIA | B45: x | G45: x
A46: Delta Direkt | B46: x | C46: x
A47: Athene (Delta Lloyd)
A48: Der Sachpool
A49: DEMA Deutsche Versicherungsmakler
A50: Deurag | C50: x | G50: x
A51: Deurag Maklerverein
A52: Deutscher Ring Kranken | B52: x | D52: x | G52: x
A53: Deutscher Ring Bausparkasse | C53: x | E53: x | G53: x
A54: Dialog | B54: x | E54: x
A55: Die Hinterbliebenenkasse HDH | B55: x | C55: x | D55: x | G55: x
A56: VERTI (ex Direct Line) | B56: x | G56: x
A57: DKB | B57: x | F57: X | G57: x
A58: DMB Rechtsschutz | B58: x | D58: x | G58: x
A59: Domcura AG | E59: x | G59: x
A60: ebase | E60: x | F60: X
A61: Ergo (ab 01.04.14 für Ergo, Ergo-L, DKV, DAS und Victoria)
A62: Ergo / DKV | B62: x | G62: x
A63: Ergo Direkt
A64: ERV AG
A65: Europ Assistance Versicherungs-AG | B65: x
A66: Europa (über Continentale)
A67: Fondskonzept AG | C67: x | F67: X
A68: Fortuna
A69: FdB Fondsdepot Bank (Jung DMS)
A70: Franke & Bornberg | B70: x | C70: x | D70: x
A71: FFB Frankfurter Fondsbank (Jung DMS) | E71: x | F71: X
A72: GAMAX/JDC
A73: GDV
A74: Generali | B74: x | C74: x | D74: x | G74: x
A75: Generali Heilwesen
A76: Generali Mitarbeiter Kfz
A77: Gothaer Leben
A78: Gothaer Sach | B78: x | E78: x
A79: Gothaer Krankenversicherung | B79: x | E79: x
A80: GVO Gegenseitigkeit Versicherung Oldenburg | B80: x | D80: x
A81: Haftpflichtkasse Darmstadt | B81: x | C81: x | D81: x | E81: x | G81: x
A82: Hallesche KV | B82: x | G82: x
A83: Hallesche KV, Verbund-Nr. Alte Leipziger | E83: x
A84: Hannoverische Leben | B84: x | E84: x
A85: Hanse Merkur | B85: x | C85: x | D85: x | E85: x | G85: x
A86: HanseMerkur Kranken | B86: x | C86: x | D86: x | E86: x
A87: HanseMerkur Reise | B87: x | D87: x | E87: x
A88: Bayerische Hausbesitzer Versicherung
A89: HDI Firmen und Privat – Allgemein | B89: x
A90: HDI Leben | B90: x | C90: x | D90: x | G90: x
A91: HDI Sach | B91: x
A92: HDH Hinterbliebenenkasse der Heilberufe VVaG | B92: x | C92: x
A93: HEK Hanseatische Krankenkasse | B93: x | G93: x
A94: Helvetia | B94: x | C94: x | E94: x | F94: X | G94: x
A95: Hübener | B95: x | E95: x
A96: Ideal | B96: x | D96: x | E96: x | G96: x
A97: Ideenwerk | E97: x
A98: Inter
A99: Interlloyd | B99: x | C99: x | G99: x
A100: InterRisk LV | G100: x
...

Sheet Tools
A1: Firma | B1: Name | C1: Registrierungspaßwort | D1: Benutzername | E1: Paßwort | F1: Sonstiges | G1: Web-Zugang | H1: Ansprechpartner
A2: Zurich | B2: Beratungsnavigator | C2: Navigator3.0 | D2: werner.petri@meinberaterhaus.de | E2: Wer57fra$ | G2: www.mach-plus-mit-protection.de | H2: Zurich, Herr Patrick Wiertz, 0228 / 268 25 23 / patrick.wiertz@zurich.com
A3: BKM Bausparkasse Mainz | B3: KIS | D3: 9900056806314 | E3: 2FifpLSg | F3: Zertifikat | G3: https://kunden.bkm.de/cas/login? | H3: Herr Schäfer
A4: VHV | B4: MAXX-Net
A5: VHV | B5: VHV-Tarife
A6: Concordia | B6: COPRA
A7: Easy Login (Web) | B7: Easy-Versicherungsportale-Login | D7: EL11827 | E7: wer57fra | F7: Token | G7: www.easy-login.de
A8: Easy Login | B8: Easy-Client | D8: EL11827 | E8: wer57fra | F8: Token
A9: ELBE (Online) SdV | B9: ELBE | D9: 205703 | E9: kugecufa891 | G9: https://www.plan25.de/login.elbe
A10: Franke & Bornberg | B10: fb-beraterwelt (ex fb-xpert) | D10: petri | E10: vowe2014
A11: HDI | B11: Firmen Digital | G11: https://www.hdi.de/apps
A12: Ideenwerk
A13: Interrisk
A14: Kassensuche GmbH | B14: gesetzlichkrankenkassen.de | D14: WernerPetri | E14: 98527 | F14: 2356 | G14: www.makleraktiv.de
A15: R+V | B15: R+V Connect | D15: rom0s2s | E15: Wer57fra
A16: DATEV
A17: Versicherungsmarkt | B17: VM-Connect
A18: BCA | B18: BusinessPlus
A19: Procheck24 | D19: petri | E19: sonne
A20: Rhion
A21: Invers | B21: IMA
A22: Inveda | B22: IMA-Sync
A23: ASC | B23: ASC-Easy
A24: NAFI | B24: NAFI-Web
A25: SEB | B25: SEB-App | D25: BeraterHaus | E25: F31309H11
A26: Inveda | B26: IMA | D26: verwaltung@beraterhaus | E26: wer57fra
A27: SdV | B27: Schutzvereinigung der Vermittler | D27: SDV-20.902 | E27: 5GJBBp | G27: https://sdv-online.de/
A28: BauFinex | B28: Finanzierungsplattform | D28: volker-tippmann-7961 | E28: Dbhisjs61& | G28: https://www.baufinex.de/marktplatz/
A29: Starpool | B29: Finanzierungsplattform | D29: volker_tippmann | E29: Starpool$1 | G29: www.starpool.de
A30: Dr. Klein (Kreher) | B30: Finanzierungsplattform | E30: MBH2020! | G30: http://cloud.drklein.de/index.php/s/XN2J4YLngxiEXGY
A31: MSC Fondskonzept | B31: Investmentplattform
A32: Google-Kalender | B32: Web-Browser / Google / Kalenender | D32: dasberaterhaus@gmail.com | E32: Berater&Co. | G32: https://calendar.google.com/calendar/u/0/r/week
A34: BeraterHaus INTERN
A35: VEMA | B35: Paßwortverwaltung Makler-Extranets
A36: Fritz!Box | B36: Benutzer | D36: Volker | E36: persönlich erfragen
D37: Alex | E37: persönlich erfragen
A38: Server | B38: Zentrale | D38: Persönlich erfragen | E38: persönlich erfragen
A39: PC-Netzwerk | B39: Innendienst 1 | D39: buero1 | E39: buero2009
B40: Innendienst 2 | D40: buero2 | E40: buero2009
B41: Innendienst 3 | D41: buero3 | E41: buero2009
B42: Werner Petri | D42: Petri | E42: persönlich erfragen
B43: Volker Tippmann | D43: Tippmann | E43: persönlich erfragen
B44: Frank Hesselbart | D44: Hesselbarth | E44: persönlich erfragen
B45: Zenel Kelmendi | D45: Kelmendi | E45: persönlich erfragen
B46: Tommy Reif | D46: Reif | E46: persönlich erfragen
B47: Rosenbusch | D47: Rosenbusch | E47: persönlich erfragen
A57: Institut für Vorsorge und Finazplanung | G57: https://portal.vorsorge-finanzplanung.de
B58: Werner Petri | D58: werner.petri@meinberaterhaus.de | E58: Wer57fra#

Sheet GDV
A1: Gesellschaft | B1: Zugang | C1: Schlüssel | D1: Datenabholung | E1: Intervall | F1: POST | G1: GDV
A2: Adcuri (Barmenia) | F2: AMS/BiPro
A3: AIG (ex Marke WüBa) | B3: berat1pt | C3: Dbhjstr61is | D3: https://www.aigportal.de/pls/WUEBANET/GDV_DOWNLOAD_PUBLIC.DOWNLOAD_GDV?p_GJG_ID=66077&p_GJL_ID=11700&p_type=FILE | G3: 44788
A4: Allianz | B4: https://go-makler.allianz.de/gdv_app/Intranet/gdv | D4: Portal / Zertifikat | E4: mtl | F4: AMS/BiPro | G4: 43977 | I4: Nur Gesamtbestand lieferbar, nach telef. Info Frau Haus 17.05.2019
A5: Alte Leipziger / Hallesche / Rechtschutz Union | B5: petri.w | C5: wer57fra | D5: https://www.vermittlerportal.de/Appserver/vmp/GdvDownload/Download/Download | E5: mtl | F5: AMS/BiPro | G5: 43731 | H5: 43115
A6: ARAG | B6: MP02723 | D6: https://www.arag-partnervertrieb.de/ | G6: 43928
A7: ASC (AXA, HKD, Basler, …) | B7: Lieferung Gesamtbestand | C7: 98527 | D7: Info per Mail | E7: hlbj. | G7: 43672
A8: Auxilia_107175 | B8: https://portal.ks-auxilia.de/ng/#/vermittler/startseite | C8: 981263 | D8: Portal | E8: mtl | G8: 43881
A9: Auxilia_108980 | B9: https://portal.ks-auxilia.de/ng/#/vermittler/startseite | D9: Portal | E9: mtl. | G9: 43115 | H9: 43318
A10: Auxilia_112366 | B10: https://portal.ks-auxilia.de/ng/#/vermittler/startseite | C10: 631723 | D10: Portal | E10: mtl. | G10: 43444
A11: Advocard | D11: über Generali | G11: 43115
A12: AXA | B12: https://entry.axa.de/portalpostfach/ | D12: Portal / AMS | E12: mtl | G12: 44764 | H12: 43318 | K12: Bestandsänderung
A13: Baden-Badener (Zurich) | B13: 782644 | C13: uWybH3v6Ys | D13: https://www.bb-maklerwelt.de/Extranet/pages/peb/peb.faces | E13: mtl | F13: AMS/BiPro | G13: 43307 | H13: 43115
A14: Barmenia | D14: eBASIS-Abholung | F14: AMS/BiPro | G14: 43881
A15: Basler | D15: PW: MO#600688
A16: BSG Basler | C16: 98527 | D16: https://vema.basler-service.de | F16: AMS/BiPro | G16: 43693
A17: Canada Life | D17: keine GDV-Daten
A18: Concordia | B18: C05723 (geht nur mit WinZip) | C18: S0lVFqY1FD3X | D18: https://ftp.v-d-v.de | G18: 43914 | H18: sf25897pp Passwort für die zip-Datei
A19: Condor | F19: AMS/BiPro | H19: 43318
A20: Continentale / Europa | F20: AMS/BiPro | G20: 43977 | K20: Gesamtbestand
A21: Dialog | B21: 480203 | C21: eymzstbYwm4Z4H
A22: Degenia | D22: keine GDV-Daten
A23: Athora (Athena, Delta Lloyd) | B23: 4187038 | C23: Mein703? | D23: https://vermittlerservice.athene.de/vermittlerservice/download.do | E23: mtl. | G23: 43115
A24: Deurag | B24: petri | C24: wer57fra | D24: https://www.deurag.de/deurag/vertriebspartner/gdv-datensatze/daten.html | E24: mtl | G24: 43881 | H24: 43115 | K24: Bestandsänderung
A25: die Bayerische (ex BBV) | B25: MAK940862-0001 | C25: wer57fra | D25: https://www.bbv.de/cmweb/GdvDownloadServlet | E25: mtl | G25: 43886 | H25: 43115
A26: Die Hinterbliebenenkasse
A27: Ergo (DKV/DAS/Victoria) | B27: OM_E886985_TiVo | C27: 1J3VydAkY | D27: https://www.datenbereitstellung.de/gdvUI/Makler/Download.aspx | E27: mtl | G27: 22082022 | H27: 43115
A28: Dialog (ex Generali) | C28: G122700A/wer57fra | D28: https://prismavfsprod.generali.de/vfs/ | E28: mtl | F28: AMS/BiPro | G28: 43451 | H28: 43116
A29: Gothaer | C29: Goth123$ | D29: https://makler.gothaer.de/app/GDV-Online/Start | F29: AMS/BiPro | G29: 43880 | H29: 43318
A30: GVO | C30: GVOPortal | D30: www.g-v-o.de | G30: 43118
A31: Hanse-Merkur | B31: https://www.hansemerkur.de/maklersupport/ | C31: QQPKFAQN | D31: Portal (Infomail) | E31: mtl | G31: 44768
A32: HDI-Leben / Aspecta | B32: berater09 | C32: Beraterhaus2018 | D32: Portal | E32: mtl | F32: AMS/BiPro | G32: 43441
A33: HDI-Sach | B33: berater09 | C33: Beraterhaus2018 | D33: Portal | E33: mtl | F33: AMS/BiPro | G33: 43441
A34: Helvetia | D34: Portal | E34: mtl
A35: HKD | D35: per Mail (Herr Kalus) | E35: 43914 | F35: AMS/BiPro | G35: 44806 | H35: 43115
A36: Ideal | D36: Mail | E36: hlbj. | G36: 43977
A37: Inter | D37: nur Excel-Listen
A38: Interlloyd | D38: Portal (Infomail) | E38: mtl | G38: 43442 | H38: 43318
A39: Interrisk | D39: Portal (Infomail) | E39: mtl | G39: 44809 | H39: 43318
A40: Invers | D40: https://secure.invers-gruppe.de/login.htm | E40: mtl | G40: 43731
A41: Itzehoer | B41: nur Bestandsänderungen an | C41: silke.hengelhaupt@meinberaterhaus.de | D41: per Mail | E41: mtl | G41: 44776 | H41: 43115 | I41: frank.malzahn@t-online.de
A42: Janitos | C42: https://portal-a.janitos.de/palace/controller_frame.html?undefined | D42: Portal (keine Briefpost) | E42: mtl | G42: 44809 | H42: 43115
A43: Konzept & Marketing | D43: Portal | G43: 44770
A44: LV1871 / Delta Direkt | D44: Portal | E44: mtl. | G44: 42724
A45: Mannheimer | D45: Portal | E45: mtl | G45: 43963
A46: Medienversicherung | C46: 79251 | D46: Mail | E46: mtl. | G46: 42796
A47: Münchener Verein | B47: mvmak36656 | C47: rsjcua4t | D47: https://www.muenchener-verein.de/dvs/ | F47: Katastophe! | G47: 43781 | H47: 43116
A48: Monuta | D48: keine GDV-Daten
A49: Nürnberger / Garanta | D49: kein Gesamtbestand | E49: täglich | F49: AMS/BiPro | G49: 43914
A50: NV-Versicherungen | D50: Portal
A51: R+V / Kravag / Condor | B51: rom0s2s | C51: Bronko07 | D51: https://online.ruv.de/makler/login.jsp | E51: mtl | F51: AMS/BiPro | G51: 43907 | K51: Gesamtbestand
A52: Rheinland/Rhion | B52: Werner1.Petri | C52: Sommer18% | D52: https://makler.rhion.de/cocoon/epos/portal?cocoon-portal-action=4&cocoon-portal-event=34 | E52: mtl | G52: 43914 | K52: Gesamtbestand
A53: Schleswiger | D53: keine GDV-Daten
A54: Signal Iduna | B54: PW für Zip-Datei : | C54: AHH67NO | D54: Zip vierteljählich per Mail | E54: mtl | G54: 43881 | H54: 43450 | I54: PW:SIGIDU
A55: Stuttgarter | B55: Beraterhaus.KG | C55: 369363048 | E55: mtl | F55: AMS/BiPro | G55: 44781 | K55: Gesamtbestand
A56: SV Sparkassenversicherung | B56: infomeinberaterhaus.de | C56: Wer57fra% | D56: www.SV-MAKLER.de | G56: 44012
A57: SwissLife | D57: https://www.swisslife-weboffice.de/einfogpweb/posteingang.faces | E57: mtl | G57: 43489
A58: Universa | D58: Portal | E58: mtl
A59: VHV | B59: berater1 | C59: berater1 | D59: HTTP://WWW.VHV-MAX.NET/ | E59: 17 | G59: 44781 | H59: 43430
A60: VKB Versicherungskammer Bayern | B60: v00000104004 | C60: dbhiSuJst61! | D60: www.vkb-extranet.de | G60: 43777
A61: Volkswohlbund | D61: über Protal (Easy Login) | E61: mtl | F61: AMS/BiPro | G61: 43881 | K61: Gesamtbestand
A62: Württembergische | B62: 18E6XV | C62: Ak654BH | D62: https://vertriebsportal.wuerttembergische.de/wps/portal/vertrieb | E62: mtl | G62: 43832 | H62: 43116
A63: Würzburger
A64: WWK | B64: Q9821554 | C64: Beraterhaus2 | D64: https://sso.wwk.de/openam/XUI/?realm=vermittlerrealm#login&goto=https%3A%2F%2Fportal.wwk.de%3A443%2Fgroup%2Fvip%2Fstart | E64: mtl | F64: AMS/BiPro | G64: 43490
A65: Zurich Life | D65: keine GDV-Daten
A66: Zurich/Patria | B66: 9157445 | C66: Berater22 | D66: https://www.maklerweb.de/Service | G66: 43907 | H66: 43116

Sheet Passwörter_Agenturen
A1: lfd.Nr. A | B1: Benutzername/Maklernummer | C1: Passwort | D1: Sonstiges | E1: Gesellschaft | F1: Schreibweise | G1: lfd.Nr.B | H1: Gesellschaft / Partner | I1: VEMA | J1: BeraterHaus | K1: ASC | L1: Invers | M1: Jung DMS | N1: maxpool | O1: AMEX | P1: Petri | Q1: Tippmann | R1: Röder | S1: Hesselbarth | T1: Furch | U1: Hartkopf | V1: Hildebrandt | W1: Hollatz | X1: Hopf | Y1: Kramer | Z1: Schellhorn | AA1: Lins | AB1: Littig | AC1: Lobe | AD1: Scharlach | AE1: Weißkopf | AF1: Schumacher | AG1: Autohaus Hüther | AH1: Motorrad Henkel | AI1: Reif | AJ1: Malzahn
A2: A1 | B2: 900426758302016 | C2: wer57fra | E2: AAB Augsburger Aktienbank | G2: B1 | H2: AAB Augsburger Aktienbank (Invers)
A3: A2 | E3: Aachener Bausparkasse | G3: B2 | H3: Aachener Bausparkasse | J3: 100015718 | AI3: Kroschwald / Invers
A4: A3 | E4: abc-teleconsult | G4: B3 | H4: abc-teleconsult | AI4: 20052
A5: A4 | E5: ACE European Group Limited Direktion für Deutschland | G5: B4 | H5: ACE European Group Limited Direktion für Deutschland | I5: 2202_VEMA | AI5: 71518
A6: A5 | B6: 950086739 | C6: wer57fra | E6: Adcuri | G6: B5 | H6: Adcuri | I6: 950212022 | J6: 950086739
A7: A6 | B7: 950094925 | C7: 7305ba3d | E7: Adcuri | G7: B6 | H7: Adcuri (Invers) | L7: 950094925
A8: A7 | B8: 950212022 | C8: BHSidJS61 | E8: Adcuri | G8: B7 | H8: Adcuri (VEMA) | I8: 950212022 | J8: 950205963 alt
A9: A8 | B9: info@suhlfinanz.de | C9: wer57fra | E9: CSS | G9: B8 | H9: Advigon (ex CSS 80002841) | I9: 3780145 | J9: 3780145
A10: A9 | E10: AdvoCard (Generali) | G10: B9 | H10: AdvoCard (Dialog) | I10: 106151 | J10: 70/5523/00122700 | P10: 590/5509
A11: A10 | B11: berat1pt | C11: BHS61Jstr | D11: Maklerportal | E11: AIG (ex WÜBA) | F11: 90017016989 | G11: B10 | H11: AIG Europe Limited (Marke WüBa) | I11: 16603000 | J11: 16603000
A12: A11 | B12: info@meinberaterhaus.de | C12: Wer57fra# | D12: www.aigportal.de/hydra/#!/aig | E12: AIG Europe Limited (ex WÜBA)Angebot/Post | F12: 90017016989 | G12: B11 | H12: AIG Europe Limited (Marke WüBa) | I12: 16603000 | J12: 16603000
A13: A12 | E13: Allianz Leben | G13: B12 | H13: Allianz Leben | I13: 50/110/2650 | J13: 50/110/2650 | AF13: 72020435
A14: A13 | E14: Allianz Kranken | G14: B13 | H14: Allianz Kranken | I14: 705850637 | J14: 70/585/0637 | AF14: 72020435
A15: A14 | B15: GMAFXMX | C15: wer57fra | D15: über Zertifikat | E15: Allianz Sach | G15: B14 | H15: Allianz Sach | I15: 502062202 | J15: 50/110/1334 | AF15: 501100675 | AI15: 50/100/1003
A16: A15 | E16: Alte Leipziger Bauspar AG | G16: B15 | H16: Alte Leipziger Bauspar AG | J16: 5124 | AI16: 7170 | AJ16: 600028446
A17: A16 | B17: petri.w | C17: wer57fra | E17: Alte Leipziger | G17: B16 | H17: Alte Leipziger (Sach und Leben) | I17: 580678002 | J17: 580678001
A18: A17 | B18: info@meinberaterhaus.de | C18: Dbhisjs61* | E18: AMEX | G18: B17 | H18: Amex | J18: 55956 | AI18: 48794
A19: A18 | B19: info@meinberaterhaus.de | C19: Dbhisjstr61+ | E19: Ammerländer | F19: 1007096041001 | G19: B18 | H19: Ammerländer | I19: 24600 | J19: 24600
A20: A19 | B20: info@meinberaterhaus.de | C20: Dbhisjstr61+ | D20: VEMA | E20: Ammerländer | G20: B19 | H20: Ammerländer | I20: 24600
A21: A20 | B21: LM20000196 | C21: Dbhisjs61# | D21: https://www.aok.de/vp | E21: AOK Plus | G21: B20 | H21: AOK Plus | J21: LM20000196
A22: A21 | B22: 05065 | C22: 406324 | E22: Apella | G22: B21 | H22: Apella | J22: 05065 | AI22: 36328
A23: A22 | B23: 36328 | C23: Tommy22+ | E23: Apella | G23: B22 | H23: Apella
A24: A23 | B24: MP02723 | C24: Dbhsjs62 | E24: ARAG Krankenversicherungen | F24: 0000100628121 | G24: B23 | H24: ARAG Krankenversicherungen | I24: 60344 | J24: 643/060344
A25: A24 | B25: MP02723 | C25: Dbhsjs62 | E25: ARAG Rectsschutzversicherung | F25: 11005918075931 | G25: B24 | H25: ARAG Rechtsschutzversicherung | I25: AA2481-3 | J25: 643/AA2481-3 | L25: 7975101
A26: A25 | B26: MP02723 | C26: Dbhsjs62 | D26: https://www.arag-partnervertrieb.de/ | E26: ARAG | F26: 97733195 | G26: B25 | H26: ARAG Versicherungen | I26: AA2481-3 | J26: 643/AA2481-3
A27: A26 | B27: 89299 | C27: pacco2006 | E27: ASC | G27: B26 | H27: ASC | J27: 89299 | AI27: 71518
A28: A27 | B28: 4187038 | C28: Mein703? | E28: DeltaLloyd | G28: B27 | H28: Athora (alt Athene ;Delta Lloyd) | J28: 4187038 | AI28: 3958752
A29: A28 | B29: info@meinberaterhaus.de | C29: Wer57fra | E29: AUXILIA Rechtsschutz-Versicherungs AG | G29: B28 | H29: AUXILIA Rechtsschutz-Versicherungs AG | I29: 107175 | J29: 107175 | L29: 108980 | T29: 112366 | AI29: 107351
A30: A29 | E30: AXA (Innendienst) Kfz | G30: B29 | H30: AXA (Innendienst) Kfz | P30: 10/48/00/1783 | Q30: 10/48/00/1778
A31: A30 | E31: AXA Leben | G31: B30 | H31: AXA Leben | I31: 1035006249 | J31: 10/35/00/6249
A32: A31 | E32: AXA Leben (alt DBV-Leben) | G32: B31 | H32: AXA Leben (alt DBV-Leben) | J32: 10/36/00/2754
A33: A32 | B33: AXA30940 | C33: Dahlie13 | E33: AXA Sach | G33: B32 | H33: AXA Sach | I33: 1048000805, 1048001741, 1048001767, 1048001772, | J33: 10/48/00/0805 | O33: 11/48/00/8586 | P33: 10/48/00/1767 | Q33: 10/48/00/1741 | R33: 10/48/00/1772 | V33: 10/48/00/1791 | W33: 10/48/00/1296 | Y33: 10/48/00/1268 | Z33: 10/48/00/1674 | AA33: 10/48/00/1743 | AB33: 10/48/00/1190 | AI33: 10/48/00/3645
A34: A33 | E34: AXA Sach (Rahmenvertrag Kfz) | G34: B33 | H34: AXA Sach (Rahmenvertrag Kfz) | J34: 130040363
A35: A34 | E35: AXA Sach (Rahmenvertrag Sach) | G35: B34 | H35: AXA Sach (Rahmenvertrag Sach) | I35: 006548 | J35: 003816
A36: A35 | E36: AXA/DBV Kranken | G36: B35 | H36: AXA/DBV Kranken | I36: 5707000805 | J36: 5707000805 | AF36: 5707000376
A37: A36 | B37: 782644 | C37: uWybH3v6Ys | D37: über fbs / Zurich | E37: Zurich Sach / fbs (ex Baden-Badener) | G37: B36 | H37: Zurich Sach / fbs (ex Baden-Badener) | J37: 782644 | L37: 76993201
A38: A37 | B38: wer57fra | C38: d7ad19f6 | E38: Barmenia | G38: B37 | H38: Barmenia | I38: 0073/2556 | J38: 0073/2556 | L38: 0021/1695
A39: A38 | B39: 600688 | C39: !dBhiSjstr61! | D39: https://partner.basler-mietkaution.de/Account/LogOn?ReturnUrl=%2f | G39: B38 | H39: Baloise - Mietkaution | J39: 600688
A40: A39 | B40: info@meinberaterhaus.de | C40: ISdBH2020? | D40: www.basler-vertriebsservice.de | E40: Basler | G40: B39 | H40: Baloise Sachversicherung AG | I40: 082225 | J40: 600688
A41: A40 | B41: info@meinberaterhaus.de | C41: ISdBH2020? | D41: www.basler-vertriebsservice.de | E41: Basler Lebensversicherung AG | F41: 00000000002603342 | G41: B40 | H41: Baloise Lebensversicherung AG | I41: 871/0929 | J41: 871/0929
A42: A41 | B42: VEMA-2202-00 | C42: Wer57fra | D42: https://vema.basler-service.de | E42: Basler Service GmbH | G42: B41 | H42: BSG Baloise Service GmbH | I42: 2202-00
A43: A42 | B43: volker-tippmann-7961 | C43: Dbhisjs61& | D43: https://www.baufinex.de/marktplatz/ | E43: Baufinex | G43: B42 | H43: BauFinex
A44: A43 | B44: agt6255 | C44: BHiSJstr61+ | D44: https://maklerportal.bhvg.de | E44: Bayerische Hausbesitzer Versicherung | G44: B43 | H44: Bayerische Hausbesitzer Versicherung | I44: 6255 | J44: 6255
A45: A44 | B45: 3350099999 | C45: wer57fra | E45: BCA | G45: B44 | H45: BCA | J45: 33500 | AI45: 39646
A46: A45 | D46: www.bhw-partner.de | E46: BHW | G46: B45 | H46: BHW (Invers) | L46: 02431917357 | AI46: 20737185470.4 (0912/154224.6 (alt))
A47: A46 | B47: 9900056806314 | C47: Mainz02.2019 | D47: https://vpotal.bkm.de | E47: BKM Bausparkasse Mainz | G47: B46 | H47: BKM Bausparkasse Mainz | J47: 568063
A48: A47 | B48: 84356 | C48: EBqdh2#Z | D48: www.brandgilde-versicherungskontor.de | E48: Brandgilde | G48: B47 | H48: Brandgilde Versicherung | J48: 14356
A49: A48 | B49: A5G6-Pet | C49: beraterhaus1 | D49: Sicherheitsabfrage: Mädchenname Mutter: Wolf | E49: Canada Life | G49: B48 | H49: Canada Life | I49: A5G6 | J49: A5G6 | AI49: 4181
A50: A49 | E50: Care Concept | G50: B49 | H50: Care Concept | J50: 000 20 50000
A51: A50 | B51: info@meinberaterhaus.de | C51: jWBNZXaW | D51: www.carglass4partners.de (Service-Nr. 3655829222) | E51: carglass | G51: B50 | H51: carglass | J51: 3655829222
A52: A51 | B52: 300225 | C52: wer57fra | E52: Concenter | G52: B51 | H52: Concenter
A53: A52 | B53: 1193 | C53: bronko | E53: Conceptif | G53: B52 | H53: Conceptif
A54: A53 | B54: 25111000 | C54: Wer57fra | D54: xnet\25111000 | E54: Concordia | G54: B53 | H54: Concordia | I54: 25111000 | J54: 25111000 | L54: 55280055 | AI54: 55110
A55: A54 | B55: rom0s2s | C55: Wer57fra | E55: Condor Klass. LV/BU / Optima | G55: B54 | H55: Condor Klass. LV/BU / Optima | I55: 14855, (806252 alt) | J55: 806252
A56: A55 | B56: rom0s2s | C56: Wer57fra | E56: Condor Leben (FLV) / Optima | G56: B55 | H56: Condor Leben (FLV) / Optima | I56: 14855, (806252 alt) | J56: 58/14855
A57: A56 | B57: rom0s2s | C57: Berater22 | E57: Condor Sach (nur Altbestand) | G57: B56 | H57: Condor Sach (nur Altbestand) | J57: 58/14855
A58: A57 | E58: Continentale / Europa | F58: 191970181 | G58: B57 | H58: Continentale | J58: 6100401
A59: A58 | B59: 49237783 | C59: berater17 | D59: https://portal.covomo.de/ | E59: Covomo | G59: B58 | H59: covomo | J59: 49237783
A60: A59 | B60: 782644 | C60: Wer57fra | D60: https://www.fbs-partner.de/check-in/ | E60: fbs (ex DA direkt; Zurich) | G60: B59 | H60: DA direkt (fbs-Portal) | J60: 782644
A61: A60 | B61: 00106876 | C61: vowe2014 | E61: Degenia | G61: B60 | H61: DEGENIA | J61: 00106876
A62: A61 | B62: info@meinberaterhaus.de | C62: Meinberater2020! | G62: B61 | H62: DELA Lebensversicherung AG | I62: 40199 | J62: 40199
A63: A62 | E63: Delta Direkt | G63: B62 | H63: Delta Direkt | J63: 23226630
A64: A63 | B64: petri | C64: xDjcn6pH | E64: DEMA Deutsche Versicherungsmakler | G64: B63 | H64: DEMA Deutsche Versicherungsmakler
A65: A64 | E65: Der Sachpool | G65: B64 | H65: Der Sachpool | AI65: 20124-26
A66: A65 | B66: 47502 | C66: wer57fra | E66: Deurag | G66: B65 | H66: Deurag | I66: 47502 | J66: 47502 | L66: 51089 | AF66: 42992 | AI66: 52516R
A67: A66 | E67: DLVAG (Deutsche Lebensversicherung AG / Allianz) | G67: B66 | H67: Deutsche Lebensversicherung AG (Allianz) | J67: 70/2020418
A68: A67 | E68: Start Bausparkasse (ex Deutscher Ring Bausparkasse) | G68: B67 | H68: Start Bausparkasse (ex Deutscher Ring Bausparkasse) | AI68: 998-1847
A69: A68 | B69: U061971 | C69: Winter16 | E69: Deutscher Ring KV | G69: B68 | H69: Deutscher Ring Kranken | I69: 8656194 | J69: 8656194
H70: Dialog Sach | I70: 106151 | J70: 122700
A71: A69 | B71: wer57fra | C71: BHSidJS61 | E71: Dialog | G71: B69 | H71: Dialog Leben | I71: 480203 | J71: 48/0203
A72: A101 | B72: wer57fra | C72: Dbhisjs61 | D72: Abrechnung I76H358 PW: werner11 | E72: Generali | G72: B101 | H72: Dialog (Altbestand GENERAI) | I72: 106151 | J72: 122700 | O72: 205585 | P72: 103677, 293181 | Q72: 103680 | R72: 103681 | V72: 103682 | W72: alt 186604 | Y72: 198529 | Z72: alt 198653 | AA72: alt 205583 | AF72: alt 115534 | AI72: alt 571720 (600/1679 alt)
A73: A102 | E73: Generali Heilwesen | G73: B102 | H73: Dialog Heilwesen | J73: 785946 | Z73: alt 806063
A74: A103 | E74: Generali Mitarbeiter Kfz | G74: B103 | H74: Dialog Mitarbeiter Kfz | J74: 156902 | P74: 103679 | Q74: 103959
A75: A70 | B75: MAK095910-0001 | C75: wer57fra | D75: http://www.diebayerische-makler.de ODER https://www.bbv.de/Portal | E75: die Bayersiche | G75: B70 | H75: die Bayerische (Vema) | I75: 095910
A76: A71 | B76: MAK940862-0001 | C76: o15gL68w | E76: die Bayersiche | G76: B71 | H76: die Bayerische | I76: 095910 | J76: 940862 | L76: 002992 / 95022 (Patronus) | AF76: 940341 | AI76: 942053
A77: A72 | B77: beraterhaus | C77: wer57fra | D77: www.sterbegeld-hdh.de | E77: Die Hinterbliebenenkasse HDH | G77: B72 | H77: Die Hinterbliebenenkasse HDH | I77: 1700999 | J77: 1700999
A78: A73 | E78: DKB | G78: B73 | H78: DKB | J78: 21 122 | AI78: 23954
A79: A74 | C79: Anmeldung über VEMA Sprungbrett | E79: DMB Rechtsschutz | G79: B74 | H79: DMB Rechtsschutz | I79: 9458 | AI79: 6650
A80: A75 | B80: VEMA2202 | C80: signal | D80: https://office.domcura.de | E80: Domcura AG | G80: B75 | H80: Domcura AG | I80: VEMA2202 | O80: 29491
A81: A76 | C81: MBH2020! | D81: http://cloud.drklein.de/index.php/s/XN2J4YLngxiEXGY | E81: Dr. Klein (Kreher) | G81: B76 | H81: Dr. Klein (Kreher)
A82: A77 | B82: 16283 | C82: wer57fra | D82: 3838 | E82: ebase BH-JDC | G82: B77 | H82: ebase (Jung DMS) | J82: 383816283
A83: A78 | B83: 7993201 | C83: wer57fra | D83: 3733 | E83: ebase BH-Invers | G83: B78 | H83: ebase (Jung DMS) | J83: 37337993201
A84: A79 | B84: hesself | C84: hubert57 | D84: 3838 | E84: ebase Frank-JDC | G84: B79 | H84: ebase (Jung DMS) | J84: 383816284
A85: A80 | B85: petriw | C85: wer57fra | D85: 3838 | E85: ebase Werner-JDC | G85: B80 | H85: ebase (Jung DMS) | J85: 383816286
A86: A81 | B86: 383818408 | C86: TOREI123 | D86: 3838 | E86: ebaseTommy-JDC | G86: B81 | H86: ebase (Jung DMS) | J86: 383818408
A87: A82 | B87: E878895 | C87: Berater2 | D87: https://makler.ergo.de/de-DE/Login/easy%20Login.aspx | E87: Ergo | G87: B82 | H87: Ergo
A88: A83 | B88: E922841 | C88: Berater2 | D88: PIN 98527 | E88: Ergo (ab 01.04.14 für Ergo, Ergo-L, DKV, DAS und Victoria) | G88: B83 | H88: Ergo (ab 01.04.14 für Ergo, Ergo-L, DKV, DAS und Victoria) | I88: 00555-1323 | J88: 00555-1323
A89: A84 | B89: dkv | C89: dkv | E89: Ergo KV (ex DKV) | G89: B84 | H89: Ergo KV (ex DKV) | J89: 245353852 | AI89: 24535-6066
A90: A85 | E90: Ergo KV | G90: B85 | H90: Ergo KV | J90: 5563578
A91: A86 | E91: Ergo Leben | G91: B86 | H91: Ergo Leben | I91: 886221478
A92: A87 | E92: Ergo Direkt | G92: B87 | H92: Ergo Direkt | I92: 60001-3404 | J92: 60001-3404 | AI92: 60001-3025
A93: A88 | E93: ERV AG | G93: B88 | H93: ERV AG | I93: 015317002202
A94: A89 | E94: Europ Assistance Versicherungs-AG | G94: B89 | H94: Europ Assistance Versicherungs-AG | J94: 122700
A95: A90 | D95: www.europa.de/vep | E95: Europa (über Continentale) | G95: B90 | H95: Europa (über Continentale) | J95: 9200754
A96: A91 | B96: V201193478 | C96: firma1 | E96: FdB Fondsdepot Bank (Jung DMS) | G96: B91 | H96: FdB Fondsdepot Bank (Jung DMS) | J96: V201193478
A97: A92 | B97: V8446566 | C97: 62589 | E97: FFB Frankfurter Fondsbank (Jung DMS) | G97: B92 | H97: FFB Frankfurter Fondsbank (Jung DMS) | J97: V8446566
A98: A93 | B98: 98114 | C98: Wer57fra | E98: Fondskonzept AG (ex Invers) | G98: B93 | H98: Fondskonzept AG (Invers) | J98: 98144 | L98: MSC
A99: A94 | B99: 98162 | C99: Wer57fra | E99: Fondskonzept | G99: B94 | H99: Fondskonzept AG (VEMA) | I99: 98162
A100: A95 | B100: 98010 | C100: tippi | E100: Fondskonzept AG (ex Atvantis) | G100: B95 | H100: Fondskonzept AG (Atvantis) | Q100: 98010
...

Sheet BÜ´s
A1: Mailadressen für Bestandsübertragungen | C1: Courtagekonten
C2: BeraterHaus | D2: VEMA | E2: Invers | F2: Maxpool | G2: Petri | H2: Röder | I2: Tippmann | J2: Hildebrandt | K2: Hesselbarth | L2: Hartkopf | M2: Sach | N2: kfz | O2: Leben | P2: Kranken
A3: AXA Sach | B3: Bestandsuebertragung-Makler@axa.de | G3: 1048001764 | M3: 10/48/00/0805 bzw. 003816 | N3: 130040363 | O3: 10/35/00/6249 | P3: 5707000805
A4: AXA Kfz | B4: Bestandsuebertragung-Makler@axa.de | G4: 1048001783
A5: AXA Leben | B5: Bestandsuebertragung-Makler@axa.de
A6: AXA Kranken | B6: Bestandsuebertragung-Makler@axa.de
A7: Allianz Sach | B7: amvb-uebertragung@allianz.de | M7: 50/110/1334
A8: Allianz Leben | B8: lebensversicherung@allianz.de | O8: 70/202/2262
A9: Allianz Kranken | B9: APKV-ZMSB-KUWU@allianz.de | P9: 70/585/0637
A10: Alte Leipziger Leben | B10: vertrieb@alte-leipziger.de
A11: Alte Leipziger Sach | B11: vertrieb@alte-leipziger.de
A12: ARAG | B12: bu-makler@arag.de
A13: Barmenia Versicherung | B13: md-leipzig@barmenia.de
A14: Die Bayerische | B14: provisionsreklamation@diebayerische.de
A15: Ergo | B15: maklerauftraege-b@ergo.de | M15: 886986 | O15: (H) 887884 (V) 886986
A16: Generali Sach | B16: gen-maklerauftrag@generali.de | C16: 122700 | G16: 103677 | M16: 122700 | N16: 293181 | O16: 122700 | P16: 122700
A17: Generali Kfz | C17: 122700 | G17: 103679
A18: Generali Leben
A19: Gothaer Leben | B19: lv_service@gothaer.de | C19: 691-2336
A20: Gothaer Kranken | B20: kv_service@gothaer.de
A21: Gothaer Sach | B21: gkc_mm@gothaer.de | C21: 28446
A22: Hanse-Merkur | B22: Heiko.Domigalle@hansemerkur.de | M22: 221/1200468 | O22: 221/1200468 | P22: 221/1200468
A23: Hallesche Kranken | B23: VTW-ZK-ZB@alte-leipziger.de
A24: HDI Leben | B24: leben.service@hdi.de | M24: 203-44780 | N24: 203166 | O24: 021449
A25: HDI Sach | B25: HK.Vertrag@hdi.de
A26: Invers | B26: bestandsuebertragung@invers-gruppe.de | C26: 7993201 | G26: 7993201-013 | M26: 7993201-xx
A27: Inter | B27: maklerservice@inter.de | E27: 568063
A28: Kravag | B28: G_Vertriebsverwaltung_Makler@ruv.de | N28: 770/771072
A29: LV 1871 | B29: florian.steinhilber@lv1871.de | O29: 23 288830
A30: Nürnberger Leben | B30: michael.hoffmann@nuernberger.de | C30: 152053992 | O30: 152/05/3992
A31: Nürnberger Sach | B31: Ronald.Schleicher@nuernberger.de | C31: 152053992 | M31: 152/05/3992 | P31: 152/05/3992
A32: Mannheimer | B32: mdleipzig@mannheimer.de | E32: 522/89456 | M32: 522/60720 | P32: 522/66982
A33: Maxpool
A34: Rhion Versicherung | B34: zva@rhion.de
A35: Signal | B35: maklerauftrag@signal-iduna.de | M35: 1370/02419
A36: Volkswohlbund | B36: kc-ost@volkswohl-bund.de | M36: 184/204 | O36: 184/204
A37: Württembergische | B37: mandatsbearbeitung@wuerttembergische.de | M37: 6810-7150-4 | N37: 6810-7151-2 | O37: 6850-5223-7
A39: ansonsten über Maklerbetreuer einreichen

Sheet Post
A1: Gesellschaft | B1: Art der Zustellung | C1: Zugang
A2: Advocard | C2: Briefpost
A3: Allianz | B3: AMS/Concenter | C3: Briefpost | E3: Doppelerfassung
A4: Alte Leipziger | B4: AMS/Concenter
A5: ASC | B5: AMS/Concenter
A6: AXA | B6: AMS/Concenter | C6: Briefpost | D6: Maklerportal | E6: nur csv
A7: Baden-Badener | B7: AMS/Concenter
A8: Barmenia | B8: Easy Login
A9: Basler | C9: Briefpost
A10: Canada Life | B10: Easy Login
A11: Concordia
A12: Condor | B12: über R+V
A13: Continentale | B13: AMS/Concenter | C13: Transferservice | D13: Easy-Login | E13: gdv
A14: die Bayerische | C14: Briefpost
A15: Direct Line | B15: E-Mail | C15: Portal
A16: DBV | B16: AMS/Concenter | C16: Briefpost
A17: Easy Login
A18: Generali | C18: Briefpost
A19: Gothaer | B19: AMS/Concenter
A20: Haftpflichtkasse | B20: AMS/Concenter
A21: Hanse Merkur | B21: E-Mail
A22: HDI | B22: AMS/Concenter | C22: Transferservice | D22: Easy-Login | E22: Doppelerfassung
A23: Helvetia | B23: E-Mail
A24: Ideal | B24: E-Mail
A25: Inter | B25: Extranet
A26: Interlloyd | B26: Extranet
A27: Interrisk | C27: Briefpost
A28: Invers | B28: Extranet
A29: Janitos | B29: Portal | C29: keine Briefpost
A30: KRAVAG | B30: AMS/Concenter | C30: Briefpost
A31: KS-Auxilia
A32: LV1871 | B32: AMS/Concenter | C32: Transferservice | D32: Easy-Login
A33: Nürnberger | B33: AMS/Concenter | E33: PDF; GDV
A34: R+V Versicherung | B34: AMS/Concenter | C34: Briefpost
A35: Rhion | B35: AMS/Concenter | E35: PDF
A36: Stuttgarter | B36: AMS/Concenter
A37: TGIC
A38: VEMA | B38: AMS/Concenter
A39: VHV
A40: Volkswohlbund | B40: AMS/Concenter | C40: Transferservice | D40: Easy-Login | E40: PDF
A41: WüBa | C41: Briefpost
A42: Württembergische | C42: Briefpost
A43: Würzburger
A44: WWK | B44: AMS/Concenter | C44: Transferservice | D44: Easy-Login | E44: PDF
A45: Zurich

Sheet Einzel
A1: =+Passwörter_Agenturen!H1 -> Gesellschaft / Partner | B1: =+Passwörter_Agenturen!J1 -> BeraterHaus | C1: =+Passwörter_Agenturen!I1 -> VEMA | D1: =+Passwörter_Agenturen!K1 -> ASC | E1: =+Passwörter_Agenturen!L1 -> Invers | F1: =+Passwörter_Agenturen!N1 -> maxpool | G1: =+Passwörter_Agenturen!P1 -> Petri | H1: =+Passwörter_Agenturen!Q1 -> Tippmann | I1: =+Passwörter_Agenturen!R1 -> Röder | J1: =+Passwörter_Agenturen!S1 -> Hesselbarth | K1: =+Passwörter_Agenturen!T1 -> Furch | L1: =+Passwörter_Agenturen!U1 -> Hartkopf | M1: =+Passwörter_Agenturen!V1 -> Hildebrandt | N1: =+Passwörter_Agenturen!W1 -> Hollatz | ... Z1: =+Passwörter_Agenturen!AI1 -> Reif
A2: =+Passwörter_Agenturen!H2 -> AAB Augsburger Aktienbank (Invers) | B2: =+Passwörter_Agenturen!J2 -> 0 | C2: =+Passwörter_Agenturen!I2 -> 0 | D2: =+Passwörter_Agenturen!K2 -> 0 | E2: =+Passwörter_Agenturen!L2 -> 0 | F2: =+Passwörter_Agenturen!M2 -> 0 | G2: =+Passwörter_Agenturen!N2 -> 0 | H2: =+Passwörter_Agenturen!P2 -> 0 | I2: =+Passwörter_Agenturen!Q2 -> 0 | J2: =+Passwörter_Agenturen!R2 -> 0 | K2: =+Passwörter_Agenturen!S2 -> 0 | L2: =+Passwörter_Agenturen!T2 -> 0 | M2: =+Passwörter_Agenturen!U2 -> 0 | N2: =+Passwörter_Agenturen!V2 -> 0 | O2: =+Passwörter_Agenturen!W2 -> 0 | ... Z2: =+Passwörter_Agenturen!AH2 -> 0
A3: =+Passwörter_Agenturen!H4 -> abc-teleconsult | B3: =+Passwörter_Agenturen!J4 -> 0 | C3: =+Passwörter_Agenturen!I4 -> 0 | D3: =+Passwörter_Agenturen!K4 -> 0 | E3: =+Passwörter_Agenturen!L4 -> 0 | F3: =+Passwörter_Agenturen!M4 -> 0 | G3: =+Passwörter_Agenturen!N4 -> 0 | H3: =+Passwörter_Agenturen!P4 -> 0 | I3: =+Passwörter_Agenturen!Q4 -> 0 | J3: =+Passwörter_Agenturen!R4 -> 0 | K3: =+Passwörter_Agenturen!S4 -> 0 | L3: =+Passwörter_Agenturen!T4 -> 0 | M3: =+Passwörter_Agenturen!U4 -> 0 | N3: =+Passwörter_Agenturen!V4 -> 0 | O3: =+Passwörter_Agenturen!W4 -> 0 | ... Z3: =+Passwörter_Agenturen!AH4 -> 0
A4: =+Passwörter_Agenturen!H5 -> ACE European Group Limited Direktion für Deutschland | B4: =+Passwörter_Agenturen!J5 | C4: =+Passwörter_Agenturen!I5 -> 2202_VEMA | D4: =+Passwörter_Agenturen!K5 -> 0 | E4: =+Passwörter_Agenturen!L5 -> 0 | F4: =+Passwörter_Agenturen!M5 -> 0 | G4: =+Passwörter_Agenturen!N5 -> 0 | H4: =+Passwörter_Agenturen!P5 -> 0 | I4: =+Passwörter_Agenturen!Q5 -> 0 | J4: =+Passwörter_Agenturen!R5 -> 0 | K4: =+Passwörter_Agenturen!S5 -> 0 | L4: =+Passwörter_Agenturen!T5 -> 0 | M4: =+Passwörter_Agenturen!U5 -> 0 | N4: =+Passwörter_Agenturen!V5 -> 0 | O4: =+Passwörter_Agenturen!W5 -> 0 | ... Z4: =+Passwörter_Agenturen!AH5 -> 0
A5: =+Passwörter_Agenturen!H6 -> Adcuri | B5: =+Passwörter_Agenturen!J6 -> 950086739 | C5: =+Passwörter_Agenturen!I6 -> 950212022 | D5: =+Passwörter_Agenturen!K6 -> 0 | E5: =+Passwörter_Agenturen!L6 -> 0 | F5: =+Passwörter_Agenturen!M6 -> 0 | G5: =+Passwörter_Agenturen!N6 -> 0 | H5: =+Passwörter_Agenturen!P6 -> 0 | I5: =+Passwörter_Agenturen!Q6 -> 0 | J5: =+Passwörter_Agenturen!R6 -> 0 | K5: =+Passwörter_Agenturen!S6 -> 0 | L5: =+Passwörter_Agenturen!T6 -> 0 | M5: =+Passwörter_Agenturen!U6 -> 0 | N5: =+Passwörter_Agenturen!V6 -> 0 | O5: =+Passwörter_Agenturen!W6 -> 0 | ... Z5: =+Passwörter_Agenturen!AH6 -> 0
A6: =+Passwörter_Agenturen!H8 -> Adcuri (VEMA) | B6: =+Passwörter_Agenturen!J8 -> 950205963 alt | C6: =+Passwörter_Agenturen!I8 -> 950212022 | D6: =+Passwörter_Agenturen!K8 -> 0 | E6: =+Passwörter_Agenturen!L8 -> 0 | F6: =+Passwörter_Agenturen!M8 -> 0 | G6: =+Passwörter_Agenturen!N8 -> 0 | H6: =+Passwörter_Agenturen!P8 -> 0 | I6: =+Passwörter_Agenturen!Q8 -> 0 | J6: =+Passwörter_Agenturen!R8 -> 0 | K6: =+Passwörter_Agenturen!S8 -> 0 | L6: =+Passwörter_Agenturen!T8 -> 0 | M6: =+Passwörter_Agenturen!U8 -> 0 | N6: =+Passwörter_Agenturen!V8 -> 0 | O6: =+Passwörter_Agenturen!W8 -> 0 | ... Z6: =+Passwörter_Agenturen!AH8 -> 0
A7: =+Passwörter_Agenturen!H9 -> Advigon (ex CSS 80002841) | B7: =+Passwörter_Agenturen!J9 -> 3780145 | C7: =+Passwörter_Agenturen!I9 -> 3780145 | D7: =+Passwörter_Agenturen!K9 -> 0 | E7: =+Passwörter_Agenturen!L9 -> 0 | F7: =+Passwörter_Agenturen!M9 -> 0 | G7: =+Passwörter_Agenturen!N9 -> 0 | H7: =+Passwörter_Agenturen!P9 -> 0 | I7: =+Passwörter_Agenturen!Q9 -> 0 | J7: =+Passwörter_Agenturen!R9 -> 0 | K7: =+Passwörter_Agenturen!S9 -> 0 | L7: =+Passwörter_Agenturen!T9 -> 0 | M7: =+Passwörter_Agenturen!U9 -> 0 | N7: =+Passwörter_Agenturen!V9 -> 0 | O7: =+Passwörter_Agenturen!W9 -> 0 | ... Z7: =+Passwörter_Agenturen!AH9 -> 0
A8: =+Passwörter_Agenturen!H10 -> AdvoCard (Dialog) | B8: =+Passwörter_Agenturen!J10 -> 70/5523/00122700 | C8: =+Passwörter_Agenturen!I10 -> 106151 | D8: =+Passwörter_Agenturen!K10 -> 0 | E8: =+Passwörter_Agenturen!L10 -> 0 | F8: =+Passwörter_Agenturen!M10 -> 0 | G8: =+Passwörter_Agenturen!N10 -> 0 | H8: =+Passwörter_Agenturen!P10 -> 590/5509 | I8: =+Passwörter_Agenturen!Q10 -> 0 | J8: =+Passwörter_Agenturen!R10 -> 0 | K8: =+Passwörter_Agenturen!S10 -> 0 | L8: =+Passwörter_Agenturen!T10 -> 0 | M8: =+Passwörter_Agenturen!U10 -> 0 | N8: =+Passwörter_Agenturen!V10 -> 0 | O8: =+Passwörter_Agenturen!W10 -> 0 | ... Z8: =+Passwörter_Agenturen!AH10 -> 0
A9: =+Passwörter_Agenturen!#REF! -> #REF! | B9: =+Passwörter_Agenturen!#REF! -> #REF! | C9: =+Passwörter_Agenturen!#REF! -> #REF! | D9: =+Passwörter_Agenturen!#REF! -> #REF! | E9: =+Passwörter_Agenturen!#REF! -> #REF! | F9: =+Passwörter_Agenturen!#REF! -> #REF! | G9: =+Passwörter_Agenturen!#REF! -> #REF! | H9: =+Passwörter_Agenturen!#REF! -> #REF! | ... Z9: =+Passwörter_Agenturen!#REF! -> #REF!
A10: =+Passwörter_Agenturen!H12 -> AIG Europe Limited (Marke WüBa) | B10: =+Passwörter_Agenturen!J12 -> 16603000 | C10: =+Passwörter_Agenturen!I12 -> 16603000 | D10: =+Passwörter_Agenturen!K12 -> 0 | E10: =+Passwörter_Agenturen!L12 -> 0 | F10: =+Passwörter_Agenturen!M12 -> 0 | G10: =+Passwörter_Agenturen!N12 -> 0 | H10: =+Passwörter_Agenturen!P12 -> 0 | I10: =+Passwörter_Agenturen!Q12 -> 0 | J10: =+Passwörter_Agenturen!R12 -> 0 | K10: =+Passwörter_Agenturen!S12 -> 0 | L10: =+Passwörter_Agenturen!T12 -> 0 | M10: =+Passwörter_Agenturen!U12 -> 0 | N10: =+Passwörter_Agenturen!V12 -> 0 | O10: =+Passwörter_Agenturen!W12 -> 0 | ... Z10: =+Passwörter_Agenturen!AH12 -> 0
A11: =+Passwörter_Agenturen!H13 -> Allianz Leben | B11: =+Passwörter_Agenturen!J13 -> 50/110/2650 | C11: =+Passwörter_Agenturen!I13 -> 50/110/2650 | D11: =+Passwörter_Agenturen!K13 -> 0 | E11: =+Passwörter_Agenturen!L13 -> 0 | F11: =+Passwörter_Agenturen!M13 -> 0 | G11: =+Passwörter_Agenturen!N13 -> 0 | H11: =+Passwörter_Agenturen!P13 -> 0 | I11: =+Passwörter_Agenturen!Q13 -> 0 | J11: =+Passwörter_Agenturen!R13 -> 0 | K11: =+Passwörter_Agenturen!S13 -> 0 | L11: =+Passwörter_Agenturen!T13 -> 0 | M11: =+Passwörter_Agenturen!U13 -> 0 | N11: =+Passwörter_Agenturen!V13 -> 0 | O11: =+Passwörter_Agenturen!W13 -> 0 | ... Z11: =+Passwörter_Agenturen!AH13 -> 0
A12: =+Passwörter_Agenturen!H14 -> Allianz Kranken | B12: =+Passwörter_Agenturen!J14 -> 70/585/0637 | C12: =+Passwörter_Agenturen!I14 -> 705850637 | D12: =+Passwörter_Agenturen!K14 -> 0 | E12: =+Passwörter_Agenturen!L14 -> 0 | F12: =+Passwörter_Agenturen!M14 -> 0 | G12: =+Passwörter_Agenturen!N14 -> 0 | H12: =+Passwörter_Agenturen!P14 -> 0 | I12: =+Passwörter_Agenturen!Q14 -> 0 | J12: =+Passwörter_Agenturen!R14 -> 0 | K12: =+Passwörter_Agenturen!S14 -> 0 | L12: =+Passwörter_Agenturen!T14 -> 0 | M12: =+Passwörter_Agenturen!U14 -> 0 | N12: =+Passwörter_Agenturen!V14 -> 0 | O12: =+Passwörter_Agenturen!W14 -> 0 | ... Z12: =+Passwörter_Agenturen!AH14 -> 0
A13: =+Passwörter_Agenturen!H16 -> Alte Leipziger Bauspar AG | B13: =+Passwörter_Agenturen!J16 -> 5124 | C13: =+Passwörter_Agenturen!I16 -> 0 | D13: =+Passwörter_Agenturen!K16 -> 0 | E13: =+Passwörter_Agenturen!L16 -> 0 | F13: =+Passwörter_Agenturen!M16 -> 0 | G13: =+Passwörter_Agenturen!N16 -> 0 | H13: =+Passwörter_Agenturen!P16 -> 0 | I13: =+Passwörter_Agenturen!Q16 -> 0 | J13: =+Passwörter_Agenturen!R16 -> 0 | K13: =+Passwörter_Agenturen!S16 -> 0 | L13: =+Passwörter_Agenturen!T16 -> 0 | M13: =+Passwörter_Agenturen!U16 -> 0 | N13: =+Passwörter_Agenturen!V16 -> 0 | O13: =+Passwörter_Agenturen!W16 -> 0 | ... Z13: =+Passwörter_Agenturen!AH16 -> 0
A14: =+Passwörter_Agenturen!H18 -> Amex | B14: =+Passwörter_Agenturen!J18 -> 55956 | C14: =+Passwörter_Agenturen!I18 -> 0 | D14: =+Passwörter_Agenturen!K18 -> 0 | E14: =+Passwörter_Agenturen!L18 -> 0 | F14: =+Passwörter_Agenturen!M18 -> 0 | G14: =+Passwörter_Agenturen!N18 -> 0 | H14: =+Passwörter_Agenturen!P18 -> 0 | I14: =+Passwörter_Agenturen!Q18 -> 0 | J14: =+Passwörter_Agenturen!R18 -> 0 | K14: =+Passwörter_Agenturen!S18 -> 0 | L14: =+Passwörter_Agenturen!T18 -> 0 | M14: =+Passwörter_Agenturen!U18 -> 0 | N14: =+Passwörter_Agenturen!V18 -> 0 | O14: =+Passwörter_Agenturen!W18 -> 0 | ... Z14: =+Passwörter_Agenturen!AH18 -> 0
A15: =+Passwörter_Agenturen!H19 -> Ammerländer | B15: =+Passwörter_Agenturen!J19 -> 24600 | C15: =+Passwörter_Agenturen!I19 -> 24600 | D15: =+Passwörter_Agenturen!K19 -> 0 | E15: =+Passwörter_Agenturen!L19 -> 0 | F15: =+Passwörter_Agenturen!M19 -> 0 | G15: =+Passwörter_Agenturen!N19 -> 0 | H15: =+Passwörter_Agenturen!P19 -> 0 | I15: =+Passwörter_Agenturen!Q19 -> 0 | J15: =+Passwörter_Agenturen!R19 -> 0 | K15: =+Passwörter_Agenturen!S19 -> 0 | L15: =+Passwörter_Agenturen!T19 -> 0 | M15: =+Passwörter_Agenturen!U19 -> 0 | N15: =+Passwörter_Agenturen!V19 -> 0 | O15: =+Passwörter_Agenturen!W19 -> 0 | ... Z15: =+Passwörter_Agenturen!AH19 -> 0
A16: =+Passwörter_Agenturen!H20 -> Ammerländer | B16: =+Passwörter_Agenturen!J20 -> 0 | C16: =+Passwörter_Agenturen!I20 -> 24600 | D16: =+Passwörter_Agenturen!K20 -> 0 | E16: =+Passwörter_Agenturen!L20 -> 0 | F16: =+Passwörter_Agenturen!M20 -> 0 | G16: =+Passwörter_Agenturen!N20 -> 0 | H16: =+Passwörter_Agenturen!P20 -> 0 | I16: =+Passwörter_Agenturen!Q20 -> 0 | J16: =+Passwörter_Agenturen!R20 -> 0 | K16: =+Passwörter_Agenturen!S20 -> 0 | L16: =+Passwörter_Agenturen!T20 -> 0 | M16: =+Passwörter_Agenturen!U20 -> 0 | N16: =+Passwörter_Agenturen!V20 -> 0 | O16: =+Passwörter_Agenturen!W20 -> 0 | ... Z16: =+Passwörter_Agenturen!AH20 -> 0
A17: =+Passwörter_Agenturen!H22 -> Apella | B17: =+Passwörter_Agenturen!J22 -> 05065 | C17: =+Passwörter_Agenturen!I22 -> 0 | D17: =+Passwörter_Agenturen!K22 -> 0 | E17: =+Passwörter_Agenturen!L22 -> 0 | F17: =+Passwörter_Agenturen!M22 -> 0 | G17: =+Passwörter_Agenturen!N22 -> 0 | H17: =+Passwörter_Agenturen!P22 -> 0 | I17: =+Passwörter_Agenturen!Q22 -> 0 | J17: =+Passwörter_Agenturen!R22 -> 0 | K17: =+Passwörter_Agenturen!S22 -> 0 | L17: =+Passwörter_Agenturen!T22 -> 0 | M17: =+Passwörter_Agenturen!U22 -> 0 | N17: =+Passwörter_Agenturen!V22 -> 0 | O17: =+Passwörter_Agenturen!W22 -> 0 | ... Z17: =+Passwörter_Agenturen!AH22 -> 0
A18: =+Passwörter_Agenturen!H23 -> Apella | B18: =+Passwörter_Agenturen!J23 -> 0 | C18: =+Passwörter_Agenturen!I23 -> 0 | D18: =+Passwörter_Agenturen!K23 -> 0 | E18: =+Passwörter_Agenturen!L23 -> 0 | F18: =+Passwörter_Agenturen!M23 -> 0 | G18: =+Passwörter_Agenturen!N23 -> 0 | H18: =+Passwörter_Agenturen!P23 -> 0 | I18: =+Passwörter_Agenturen!Q23 -> 0 | J18: =+Passwörter_Agenturen!R23 -> 0 | K18: =+Passwörter_Agenturen!S23 -> 0 | L18: =+Passwörter_Agenturen!T23 -> 0 | M18: =+Passwörter_Agenturen!U23 -> 0 | N18: =+Passwörter_Agenturen!V23 -> 0 | O18: =+Passwörter_Agenturen!W23 -> 0 | ... Z18: =+Passwörter_Agenturen!AH23 -> 0
A19: =+Passwörter_Agenturen!H24 -> ARAG Krankenversicherungen | B19: =+Passwörter_Agenturen!J24 -> 643/060344 | C19: =+Passwörter_Agenturen!I24 -> 60344 | D19: =+Passwörter_Agenturen!K24 -> 0 | E19: =+Passwörter_Agenturen!L24 -> 0 | F19: =+Passwörter_Agenturen!M24 -> 0 | G19: =+Passwörter_Agenturen!N24 -> 0 | H19: =+Passwörter_Agenturen!P24 -> 0 | I19: =+Passwörter_Agenturen!Q24 -> 0 | J19: =+Passwörter_Agenturen!R24 -> 0 | K19: =+Passwörter_Agenturen!S24 -> 0 | L19: =+Passwörter_Agenturen!T24 -> 0 | M19: =+Passwörter_Agenturen!U24 -> 0 | N19: =+Passwörter_Agenturen!V24 -> 0 | O19: =+Passwörter_Agenturen!W24 -> 0 | ... Z19: =+Passwörter_Agenturen!AH24 -> 0
A20: =+Passwörter_Agenturen!H25 -> ARAG Rechtsschutzversicherung | B20: =+Passwörter_Agenturen!J25 -> 643/AA2481-3 | C20: =+Passwörter_Agenturen!I25 -> AA2481-3 | D20: =+Passwörter_Agenturen!K25 -> 0 | E20: =+Passwörter_Agenturen!L25 -> 7975101 | F20: =+Passwörter_Agenturen!M25 -> 0 | G20: =+Passwörter_Agenturen!N25 -> 0 | H20: =+Passwörter_Agenturen!P25 -> 0 | I20: =+Passwörter_Agenturen!Q25 -> 0 | J20: =+Passwörter_Agenturen!R25 -> 0 | K20: =+Passwörter_Agenturen!S25 -> 0 | L20: =+Passwörter_Agenturen!T25 -> 0 | M20: =+Passwörter_Agenturen!U25 -> 0 | N20: =+Passwörter_Agenturen!V25 -> 0 | O20: =+Passwörter_Agenturen!W25 -> 0 | ... Z20: =+Passwörter_Agenturen!AH25 -> 0
A21: =+Passwörter_Agenturen!H26 -> ARAG Versicherungen | B21: =+Passwörter_Agenturen!J26 -> 643/AA2481-3 | C21: =+Passwörter_Agenturen!I26 -> AA2481-3 | D21: =+Passwörter_Agenturen!K26 -> 0 | E21: =+Passwörter_Agenturen!L26 -> 0 | F21: =+Passwörter_Agenturen!M26 -> 0 | G21: =+Passwörter_Agenturen!N26 -> 0 | H21: =+Passwörter_Agenturen!P26 -> 0 | I21: =+Passwörter_Agenturen!Q26 -> 0 | J21: =+Passwörter_Agenturen!R26 -> 0 | K21: =+Passwörter_Agenturen!S26 -> 0 | L21: =+Passwörter_Agenturen!T26 -> 0 | M21: =+Passwörter_Agenturen!U26 -> 0 | N21: =+Passwörter_Agenturen!V26 -> 0 | O21: =+Passwörter_Agenturen!W26 -> 0 | ... Z21: =+Passwörter_Agenturen!AH26 -> 0
A22: =+Passwörter_Agenturen!H27 -> ASC | B22: =+Passwörter_Agenturen!J27 -> 89299 | C22: =+Passwörter_Agenturen!I27 -> 0 | D22: =+Passwörter_Agenturen!K27 -> 0 | E22: =+Passwörter_Agenturen!L27 -> 0 | F22: =+Passwörter_Agenturen!M27 -> 0 | G22: =+Passwörter_Agenturen!N27 -> 0 | H22: =+Passwörter_Agenturen!P27 -> 0 | I22: =+Passwörter_Agenturen!Q27 -> 0 | J22: =+Passwörter_Agenturen!R27 -> 0 | K22: =+Passwörter_Agenturen!S27 -> 0 | L22: =+Passwörter_Agenturen!T27 -> 0 | M22: =+Passwörter_Agenturen!U27 -> 0 | N22: =+Passwörter_Agenturen!V27 -> 0 | O22: =+Passwörter_Agenturen!W27 -> 0 | ... Z22: =+Passwörter_Agenturen!AH27 -> 0
A23: =+Passwörter_Agenturen!H28 -> Athora (alt Athene ;Delta Lloyd) | B23: =+Passwörter_Agenturen!J28 -> 4187038 | C23: =+Passwörter_Agenturen!I28 -> 0 | D23: =+Passwörter_Agenturen!K28 -> 0 | E23: =+Passwörter_Agenturen!L28 -> 0 | F23: =+Passwörter_Agenturen!M28 -> 0 | G23: =+Passwörter_Agenturen!N28 -> 0 | H23: =+Passwörter_Agenturen!P28 -> 0 | I23: =+Passwörter_Agenturen!Q28 -> 0 | J23: =+Passwörter_Agenturen!R28 -> 0 | K23: =+Passwörter_Agenturen!S28 -> 0 | L23: =+Passwörter_Agenturen!T28 -> 0 | M23: =+Passwörter_Agenturen!U28 -> 0 | N23: =+Passwörter_Agenturen!V28 -> 0 | O23: =+Passwörter_Agenturen!W28 -> 0 | ... Z23: =+Passwörter_Agenturen!AH28 -> 0
A24: =+Passwörter_Agenturen!H29 -> AUXILIA Rechtsschutz-Versicherungs AG | B24: =+Passwörter_Agenturen!J29 -> 107175 | C24: =+Passwörter_Agenturen!I29 -> 107175 | D24: =+Passwörter_Agenturen!K29 -> 0 | E24: =+Passwörter_Agenturen!L29 -> 108980 | F24: =+Passwörter_Agenturen!M29 -> 0 | G24: =+Passwörter_Agenturen!N29 -> 0 | H24: =+Passwörter_Agenturen!P29 -> 0 | I24: =+Passwörter_Agenturen!Q29 -> 0 | J24: =+Passwörter_Agenturen!R29 -> 0 | K24: =+Passwörter_Agenturen!S29 -> 0 | L24: =+Passwörter_Agenturen!T29 -> 112366 | M24: =+Passwörter_Agenturen!U29 -> 0 | N24: =+Passwörter_Agenturen!V29 -> 0 | O24: =+Passwörter_Agenturen!W29 -> 0 | ... Z24: =+Passwörter_Agenturen!AH29 -> 0
A25: =+Passwörter_Agenturen!H30 -> AXA (Innendienst) Kfz | B25: =+Passwörter_Agenturen!J30 -> 0 | C25: =+Passwörter_Agenturen!I30 -> 0 | D25: =+Passwörter_Agenturen!K30 -> 0 | E25: =+Passwörter_Agenturen!L30 -> 0 | F25: =+Passwörter_Agenturen!M30 -> 0 | G25: =+Passwörter_Agenturen!N30 -> 0 | H25: =+Passwörter_Agenturen!P30 -> 10/48/00/1783 | I25: =+Passwörter_Agenturen!Q30 -> 10/48/00/1778 | J25: =+Passwörter_Agenturen!R30 -> 0 | K25: =+Passwörter_Agenturen!S30 -> 0 | L25: =+Passwörter_Agenturen!T30 -> 0 | M25: =+Passwörter_Agenturen!U30 -> 0 | N25: =+Passwörter_Agenturen!V30 -> 0 | O25: =+Passwörter_Agenturen!W30 -> 0 | ... Z25: =+Passwörter_Agenturen!AH30 -> 0
A26: =+Passwörter_Agenturen!H31 -> AXA Leben | B26: =+Passwörter_Agenturen!J31 -> 10/35/00/6249 | C26: =+Passwörter_Agenturen!I31 -> 1035006249 | D26: =+Passwörter_Agenturen!K31 -> 0 | E26: =+Passwörter_Agenturen!L31 -> 0 | F26: =+Passwörter_Agenturen!M31 -> 0 | G26: =+Passwörter_Agenturen!N31 -> 0 | H26: =+Passwörter_Agenturen!P31 -> 0 | I26: =+Passwörter_Agenturen!Q31 -> 0 | J26: =+Passwörter_Agenturen!R31 -> 0 | K26: =+Passwörter_Agenturen!S31 -> 0 | L26: =+Passwörter_Agenturen!T31 -> 0 | M26: =+Passwörter_Agenturen!U31 -> 0 | N26: =+Passwörter_Agenturen!V31 -> 0 | O26: =+Passwörter_Agenturen!W31 -> 0 | ... Z26: =+Passwörter_Agenturen!AH31 -> 0
A27: =+Passwörter_Agenturen!H32 -> AXA Leben (alt DBV-Leben) | B27: =+Passwörter_Agenturen!J32 -> 10/36/00/2754 | C27: =+Passwörter_Agenturen!I32 -> 0 | D27: =+Passwörter_Agenturen!K32 -> 0 | E27: =+Passwörter_Agenturen!L32 -> 0 | F27: =+Passwörter_Agenturen!M32 -> 0 | G27: =+Passwörter_Agenturen!N32 -> 0 | H27: =+Passwörter_Agenturen!P32 -> 0 | I27: =+Passwörter_Agenturen!Q32 -> 0 | J27: =+Passwörter_Agenturen!R32 -> 0 | K27: =+Passwörter_Agenturen!S32 -> 0 | L27: =+Passwörter_Agenturen!T32 -> 0 | M27: =+Passwörter_Agenturen!U32 -> 0 | N27: =+Passwörter_Agenturen!V32 -> 0 | O27: =+Passwörter_Agenturen!W32 -> 0 | ... Z27: =+Passwörter_Agenturen!AH32 -> 0
A28: =+Passwörter_Agenturen!H33 -> AXA Sach | B28: =+Passwörter_Agenturen!J33 -> 10/48/00/0805 | C28: =+Passwörter_Agenturen!I33 -> 1048000805, 1048001741, 1048001767, 1048001772, | D28: =+Passwörter_Agenturen!K33 -> 0 | E28: =+Passwörter_Agenturen!L33 -> 0 | F28: =+Passwörter_Agenturen!M33 -> 0 | G28: =+Passwörter_Agenturen!N33 -> 0 | H28: =+Passwörter_Agenturen!P33 -> 10/48/00/1767 | I28: =+Passwörter_Agenturen!Q33 -> 10/48/00/1741 | J28: =+Passwörter_Agenturen!R33 -> 10/48/00/1772 | K28: =+Passwörter_Agenturen!S33 -> 0 | L28: =+Passwörter_Agenturen!T33 -> 0 | M28: =+Passwörter_Agenturen!U33 -> 0 | N28: =+Passwörter_Agenturen!V33 -> 10/48/00/1791 | O28: =+Passwörter_Agenturen!W33 -> 10/48/00/1296 | ... Z28: =+Passwörter_Agenturen!AH33 -> 0
A29: =+Passwörter_Agenturen!H34 -> AXA Sach (Rahmenvertrag Kfz) | B29: =+Passwörter_Agenturen!J34 -> 130040363 | C29: =+Passwörter_Agenturen!#REF! -> #REF! | D29: =+Passwörter_Agenturen!K34 -> 0 | E29: =+Passwörter_Agenturen!L34 -> 0 | F29: =+Passwörter_Agenturen!M34 -> 0 | G29: =+Passwörter_Agenturen!N34 -> 0 | H29: =+Passwörter_Agenturen!P34 -> 0 | I29: =+Passwörter_Agenturen!Q34 -> 0 | J29: =+Passwörter_Agenturen!R34 -> 0 | K29: =+Passwörter_Agenturen!S34 -> 0 | L29: =+Passwörter_Agenturen!T34 -> 0 | M29: =+Passwörter_Agenturen!U34 -> 0 | N29: =+Passwörter_Agenturen!V34 -> 0 | O29: =+Passwörter_Agenturen!W34 -> 0 | ... Z29: =+Passwörter_Agenturen!AH34 -> 0
A30: =+Passwörter_Agenturen!H35 -> AXA Sach (Rahmenvertrag Sach) | B30: =+Passwörter_Agenturen!J35 -> 003816 | C30: =+Passwörter_Agenturen!I34 -> 0 | D30: =+Passwörter_Agenturen!K35 -> 0 | E30: =+Passwörter_Agenturen!L35 -> 0 | F30: =+Passwörter_Agenturen!M35 -> 0 | G30: =+Passwörter_Agenturen!N35 -> 0 | H30: =+Passwörter_Agenturen!P35 -> 0 | I30: =+Passwörter_Agenturen!Q35 -> 0 | J30: =+Passwörter_Agenturen!R35 -> 0 | K30: =+Passwörter_Agenturen!S35 -> 0 | L30: =+Passwörter_Agenturen!T35 -> 0 | M30: =+Passwörter_Agenturen!U35 -> 0 | N30: =+Passwörter_Agenturen!V35 -> 0 | O30: =+Passwörter_Agenturen!W35 -> 0 | ... Z30: =+Passwörter_Agenturen!AH35 -> 0
A31: =+Passwörter_Agenturen!H37 -> Zurich Sach / fbs (ex Baden-Badener) | B31: =+Passwörter_Agenturen!J37 -> 782644 | C31: =+Passwörter_Agenturen!I37 -> 0 | D31: =+Passwörter_Agenturen!K37 -> 0 | E31: =+Passwörter_Agenturen!L37 -> 76993201 | F31: =+Passwörter_Agenturen!M37 -> 0 | G31: =+Passwörter_Agenturen!N37 -> 0 | H31: =+Passwörter_Agenturen!P37 -> 0 | I31: =+Passwörter_Agenturen!Q37 -> 0 | J31: =+Passwörter_Agenturen!R37 -> 0 | K31: =+Passwörter_Agenturen!S37 -> 0 | L31: =+Passwörter_Agenturen!T37 -> 0 | M31: =+Passwörter_Agenturen!U37 -> 0 | N31: =+Passwörter_Agenturen!V37 -> 0 | O31: =+Passwörter_Agenturen!W37 -> 0 | ... Z31: =+Passwörter_Agenturen!AH37 -> 0
A32: =+Passwörter_Agenturen!H41 -> Baloise Lebensversicherung AG | B32: =+Passwörter_Agenturen!J41 -> 871/0929 | C32: =+Passwörter_Agenturen!I41 -> 871/0929 | D32: =+Passwörter_Agenturen!K41 -> 0 | E32: =+Passwörter_Agenturen!L41 -> 0 | F32: =+Passwörter_Agenturen!M41 -> 0 | G32: =+Passwörter_Agenturen!N41 -> 0 | H32: =+Passwörter_Agenturen!P41 -> 0 | I32: =+Passwörter_Agenturen!Q41 -> 0 | J32: =+Passwörter_Agenturen!R41 -> 0 | K32: =+Passwörter_Agenturen!S41 -> 0 | L32: =+Passwörter_Agenturen!T41 -> 0 | M32: =+Passwörter_Agenturen!U41 -> 0 | N32: =+Passwörter_Agenturen!V41 -> 0 | O32: =+Passwörter_Agenturen!W41 -> 0 | ... Z32: =+Passwörter_Agenturen!AH41 -> 0
A33: =+Passwörter_Agenturen!H42 -> BSG Baloise Service GmbH | B33: =+Passwörter_Agenturen!J42 -> 0 | C33: =+Passwörter_Agenturen!I42 -> 2202-00 | D33: =+Passwörter_Agenturen!K42 -> 0 | E33: =+Passwörter_Agenturen!L42 -> 0 | F33: =+Passwörter_Agenturen!M42 -> 0 | G33: =+Passwörter_Agenturen!N42 -> 0 | H33: =+Passwörter_Agenturen!P42 -> 0 | I33: =+Passwörter_Agenturen!Q42 -> 0 | J33: =+Passwörter_Agenturen!R42 -> 0 | K33: =+Passwörter_Agenturen!S42 -> 0 | L33: =+Passwörter_Agenturen!T42 -> 0 | M33: =+Passwörter_Agenturen!U42 -> 0 | N33: =+Passwörter_Agenturen!V42 -> 0 | O33: =+Passwörter_Agenturen!W42 -> 0 | ... Z33: =+Passwörter_Agenturen!AH42 -> 0
A34: =+Passwörter_Agenturen!H44 -> Bayerische Hausbesitzer Versicherung | B34: =+Passwörter_Agenturen!J44 -> 6255 | C34: =+Passwörter_Agenturen!I44 -> 6255 | D34: =+Passwörter_Agenturen!K44 -> 0 | E34: =+Passwörter_Agenturen!L44 -> 0 | F34: =+Passwörter_Agenturen!M44 -> 0 | G34: =+Passwörter_Agenturen!N44 -> 0 | H34: =+Passwörter_Agenturen!P44 -> 0 | I34: =+Passwörter_Agenturen!Q44 -> 0 | J34: =+Passwörter_Agenturen!R44 -> 0 | K34: =+Passwörter_Agenturen!S44 -> 0 | L34: =+Passwörter_Agenturen!T44 -> 0 | M34: =+Passwörter_Agenturen!U44 -> 0 | N34: =+Passwörter_Agenturen!V44 -> 0 | O34: =+Passwörter_Agenturen!W44 -> 0 | ... Z34: =+Passwörter_Agenturen!AH44 -> 0
A35: =+Passwörter_Agenturen!#REF! -> #REF! | B35: =+Passwörter_Agenturen!#REF! -> #REF! | C35: =+Passwörter_Agenturen!#REF! -> #REF! | D35: =+Passwörter_Agenturen!#REF! -> #REF! | E35: =+Passwörter_Agenturen!#REF! -> #REF! | F35: =+Passwörter_Agenturen!#REF! -> #REF! | G35: =+Passwörter_Agenturen!#REF! -> #REF! | H35: =+Passwörter_Agenturen!#REF! -> #REF! | ... Z35: =+Passwörter_Agenturen!#REF! -> #REF!
A36: =+Passwörter_Agenturen!H46 -> BHW (Invers) | B36: =+Passwörter_Agenturen!J46 -> 0 | C36: =+Passwörter_Agenturen!I46 -> 0 | D36: =+Passwörter_Agenturen!K46 -> 0 | E36: =+Passwörter_Agenturen!L46 -> 02431917357 | F36: =+Passwörter_Agenturen!M46 -> 0 | G36: =+Passwörter_Agenturen!N46 -> 0 | H36: =+Passwörter_Agenturen!P46 -> 0 | I36: =+Passwörter_Agenturen!Q46 -> 0 | J36: =+Passwörter_Agenturen!R46 -> 0 | K36: =+Passwörter_Agenturen!S46 -> 0 | L36: =+Passwörter_Agenturen!T46 -> 0 | M36: =+Passwörter_Agenturen!U46 -> 0 | N36: =+Passwörter_Agenturen!V46 -> 0 | O36: =+Passwörter_Agenturen!W46 -> 0 | ... Z36: =+Passwörter_Agenturen!AH46 -> 0
A37: =+Passwörter_Agenturen!H47 -> BKM Bausparkasse Mainz | B37: =+Passwörter_Agenturen!J47 -> 568063 | C37: =+Passwörter_Agenturen!I47 -> 0 | D37: =+Passwörter_Agenturen!K47 -> 0 | E37: =+Passwörter_Agenturen!L47 -> 0 | F37: =+Passwörter_Agenturen!M47 -> 0 | G37: =+Passwörter_Agenturen!N47 -> 0 | H37: =+Passwörter_Agenturen!P47 -> 0 | I37: =+Passwörter_Agenturen!Q47 -> 0 | J37: =+Passwörter_Agenturen!R47 -> 0 | K37: =+Passwörter_Agenturen!S47 -> 0 | L37: =+Passwörter_Agenturen!T47 -> 0 | M37: =+Passwörter_Agenturen!U47 -> 0 | N37: =+Passwörter_Agenturen!V47 -> 0 | O37: =+Passwörter_Agenturen!W47 -> 0 | ... Z37: =+Passwörter_Agenturen!AH47 -> 0
A38: =+Passwörter_Agenturen!H48 -> Brandgilde Versicherung | B38: =+Passwörter_Agenturen!J48 -> 14356 | C38: =+Passwörter_Agenturen!I48 -> 0 | D38: =+Passwörter_Agenturen!K48 -> 0 | E38: =+Passwörter_Agenturen!L48 -> 0 | F38: =+Passwörter_Agenturen!M48 -> 0 | G38: =+Passwörter_Agenturen!N48 -> 0 | H38: =+Passwörter_Agenturen!P48 -> 0 | I38: =+Passwörter_Agenturen!Q48 -> 0 | J38: =+Passwörter_Agenturen!R48 -> 0 | K38: =+Passwörter_Agenturen!S48 -> 0 | L38: =+Passwörter_Agenturen!T48 -> 0 | M38: =+Passwörter_Agenturen!U48 -> 0 | N38: =+Passwörter_Agenturen!V48 -> 0 | O38: =+Passwörter_Agenturen!W48 -> 0 | ... Z38: =+Passwörter_Agenturen!AH48 -> 0
A39: =+Passwörter_Agenturen!H49 -> Canada Life | B39: =+Passwörter_Agenturen!J49 -> A5G6 | C39: =+Passwörter_Agenturen!I49 -> A5G6 | D39: =+Passwörter_Agenturen!K49 -> 0 | E39: =+Passwörter_Agenturen!L49 -> 0 | F39: =+Passwörter_Agenturen!M49 -> 0 | G39: =+Passwörter_Agenturen!N49 -> 0 | H39: =+Passwörter_Agenturen!P49 -> 0 | I39: =+Passwörter_Agenturen!Q49 -> 0 | J39: =+Passwörter_Agenturen!R49 -> 0 | K39: =+Passwörter_Agenturen!S49 -> 0 | L39: =+Passwörter_Agenturen!T49 -> 0 | M39: =+Passwörter_Agenturen!U49 -> 0 | N39: =+Passwörter_Agenturen!V49 -> 0 | O39: =+Passwörter_Agenturen!W49 -> 0 | ... Z39: =+Passwörter_Agenturen!AH49 -> 0
A40: =+Passwörter_Agenturen!H50 -> Care Concept | B40: =+Passwörter_Agenturen!J50 -> 000 20 50000 | C40: =+Passwörter_Agenturen!I50 -> 0 | D40: =+Passwörter_Agenturen!K50 -> 0 | E40: =+Passwörter_Agenturen!L50 -> 0 | F40: =+Passwörter_Agenturen!M50 -> 0 | G40: =+Passwörter_Agenturen!N50 -> 0 | H40: =+Passwörter_Agenturen!P50 -> 0 | I40: =+Passwörter_Agenturen!Q50 -> 0 | J40: =+Passwörter_Agenturen!R50 -> 0 | K40: =+Passwörter_Agenturen!S50 -> 0 | L40: =+Passwörter_Agenturen!T50 -> 0 | M40: =+Passwörter_Agenturen!U50 -> 0 | N40: =+Passwörter_Agenturen!V50 -> 0 | O40: =+Passwörter_Agenturen!W50 -> 0 | ... Z40: =+Passwörter_Agenturen!AH50 -> 0
A41: =+Passwörter_Agenturen!H51 -> carglass | B41: =+Passwörter_Agenturen!J51 -> 3655829222 | C41: =+Passwörter_Agenturen!I51 -> 0 | D41: =+Passwörter_Agenturen!K51 -> 0 | E41: =+Passwörter_Agenturen!L51 -> 0 | F41: =+Passwörter_Agenturen!M51 -> 0 | G41: =+Passwörter_Agenturen!N51 -> 0 | H41: =+Passwörter_Agenturen!P51 -> 0 | I41: =+Passwörter_Agenturen!Q51 -> 0 | J41: =+Passwörter_Agenturen!R51 -> 0 | K41: =+Passwörter_Agenturen!S51 -> 0 | L41: =+Passwörter_Agenturen!T51 -> 0 | M41: =+Passwörter_Agenturen!U51 -> 0 | N41: =+Passwörter_Agenturen!V51 -> 0 | O41: =+Passwörter_Agenturen!W51 -> 0 | ... Z41: =+Passwörter_Agenturen!AH51 -> 0
A42: =+Passwörter_Agenturen!H52 -> Concenter | B42: =+Passwörter_Agenturen!J52 -> 0 | C42: =+Passwörter_Agenturen!I52 -> 0 | D42: =+Passwörter_Agenturen!K52 -> 0 | E42: =+Passwörter_Agenturen!L52 -> 0 | F42: =+Passwörter_Agenturen!M52 -> 0 | G42: =+Passwörter_Agenturen!N52 -> 0 | H42: =+Passwörter_Agenturen!P52 -> 0 | I42: =+Passwörter_Agenturen!Q52 -> 0 | J42: =+Passwörter_Agenturen!R52 -> 0 | K42: =+Passwörter_Agenturen!S52 -> 0 | L42: =+Passwörter_Agenturen!T52 -> 0 | M42: =+Passwörter_Agenturen!U52 -> 0 | N42: =+Passwörter_Agenturen!V52 -> 0 | O42: =+Passwörter_Agenturen!W52 -> 0 | ... Z42: =+Passwörter_Agenturen!AH52 -> 0
A43: =+Passwörter_Agenturen!H53 -> Conceptif | B43: =+Passwörter_Agenturen!J53 -> 0 | C43: =+Passwörter_Agenturen!I53 -> 0 | D43: =+Passwörter_Agenturen!K53 -> 0 | E43: =+Passwörter_Agenturen!L53 -> 0 | F43: =+Passwörter_Agenturen!M53 -> 0 | G43: =+Passwörter_Agenturen!N53 -> 0 | H43: =+Passwörter_Agenturen!P53 -> 0 | I43: =+Passwörter_Agenturen!Q53 -> 0 | J43: =+Passwörter_Agenturen!R53 -> 0 | K43: =+Passwörter_Agenturen!S53 -> 0 | L43: =+Passwörter_Agenturen!T53 -> 0 | M43: =+Passwörter_Agenturen!U53 -> 0 | N43: =+Passwörter_Agenturen!V53 -> 0 | O43: =+Passwörter_Agenturen!W53 -> 0 | ... Z43: =+Passwörter_Agenturen!AH53 -> 0
A44: =+Passwörter_Agenturen!#REF! -> #REF! | B44: =+Passwörter_Agenturen!#REF! -> #REF! | C44: =+Passwörter_Agenturen!#REF! -> #REF! | D44: =+Passwörter_Agenturen!#REF! -> #REF! | E44: =+Passwörter_Agenturen!#REF! -> #REF! | F44: =+Passwörter_Agenturen!#REF! -> #REF! | G44: =+Passwörter_Agenturen!#REF! -> #REF! | H44: =+Passwörter_Agenturen!#REF! -> #REF! | ... Z44: =+Passwörter_Agenturen!#REF! -> #REF!
A45: =+Passwörter_Agenturen!H54 -> Concordia | B45: =+Passwörter_Agenturen!J54 -> 25111000 | C45: =+Passwörter_Agenturen!I54 -> 25111000 | D45: =+Passwörter_Agenturen!K54 -> 0 | E45: =+Passwörter_Agenturen!L54 -> 55280055 | F45: =+Passwörter_Agenturen!M54 -> 0 | G45: =+Passwörter_Agenturen!N54 -> 0 | H45: =+Passwörter_Agenturen!P54 -> 0 | I45: =+Passwörter_Agenturen!Q54 -> 0 | J45: =+Passwörter_Agenturen!R54 -> 0 | K45: =+Passwörter_Agenturen!S54 -> 0 | L45: =+Passwörter_Agenturen!T54 -> 0 | M45: =+Passwörter_Agenturen!U54 -> 0 | N45: =+Passwörter_Agenturen!V54 -> 0 | O45: =+Passwörter_Agenturen!W54 -> 0 | ... Z45: =+Passwörter_Agenturen!AH54 -> 0
A46: =+Passwörter_Agenturen!H55 -> Condor Klass. LV/BU / Optima | B46: =+Passwörter_Agenturen!J55 -> 806252 | C46: =+Passwörter_Agenturen!I55 -> 14855, (806252 alt) | D46: =+Passwörter_Agenturen!K55 -> 0 | E46: =+Passwörter_Agenturen!L55 -> 0 | F46: =+Passwörter_Agenturen!M55 -> 0 | G46: =+Passwörter_Agenturen!N55 -> 0 | H46: =+Passwörter_Agenturen!P55 -> 0 | I46: =+Passwörter_Agenturen!Q55 -> 0 | J46: =+Passwörter_Agenturen!R55 -> 0 | K46: =+Passwörter_Agenturen!S55 -> 0 | L46: =+Passwörter_Agenturen!T55 -> 0 | M46: =+Passwörter_Agenturen!U55 -> 0 | N46: =+Passwörter_Agenturen!V55 -> 0 | O46: =+Passwörter_Agenturen!W55 -> 0 | ... Z46: =+Passwörter_Agenturen!AH55 -> 0
A47: =+Passwörter_Agenturen!H56 -> Condor Leben (FLV) / Optima | B47: =+Passwörter_Agenturen!J56 -> 58/14855 | C47: =+Passwörter_Agenturen!I56 -> 14855, (806252 alt) | D47: =+Passwörter_Agenturen!K56 -> 0 | E47: =+Passwörter_Agenturen!L56 -> 0 | F47: =+Passwörter_Agenturen!M56 -> 0 | G47: =+Passwörter_Agenturen!N56 -> 0 | H47: =+Passwörter_Agenturen!P56 -> 0 | I47: =+Passwörter_Agenturen!Q56 -> 0 | J47: =+Passwörter_Agenturen!R56 -> 0 | K47: =+Passwörter_Agenturen!S56 -> 0 | L47: =+Passwörter_Agenturen!T56 -> 0 | M47: =+Passwörter_Agenturen!U56 -> 0 | N47: =+Passwörter_Agenturen!V56 -> 0 | O47: =+Passwörter_Agenturen!W56 -> 0 | ... Z47: =+Passwörter_Agenturen!AH56 -> 0
A48: =+Passwörter_Agenturen!H57 -> Condor Sach (nur Altbestand) | B48: =+Passwörter_Agenturen!J57 -> 58/14855 | C48: =+Passwörter_Agenturen!I57 -> 0 | D48: =+Passwörter_Agenturen!K57 -> 0 | E48: =+Passwörter_Agenturen!L57 -> 0 | F48: =+Passwörter_Agenturen!M57 -> 0 | G48: =+Passwörter_Agenturen!N57 -> 0 | H48: =+Passwörter_Agenturen!P57 -> 0 | I48: =+Passwörter_Agenturen!Q57 -> 0 | J48: =+Passwörter_Agenturen!R57 -> 0 | K48: =+Passwörter_Agenturen!S57 -> 0 | L48: =+Passwörter_Agenturen!T57 -> 0 | M48: =+Passwörter_Agenturen!U57 -> 0 | N48: =+Passwörter_Agenturen!V57 -> 0 | O48: =+Passwörter_Agenturen!W57 -> 0 | ... Z48: =+Passwörter_Agenturen!AH57 -> 0
A49: =+Passwörter_Agenturen!H58 -> Continentale | B49: =+Passwörter_Agenturen!J58 -> 6100401 | C49: =+Passwörter_Agenturen!I58 -> 0 | D49: =+Passwörter_Agenturen!K58 -> 0 | E49: =+Passwörter_Agenturen!L58 -> 0 | F49: =+Passwörter_Agenturen!M58 -> 0 | G49: =+Passwörter_Agenturen!N58 -> 0 | H49: =+Passwörter_Agenturen!P58 -> 0 | I49: =+Passwörter_Agenturen!Q58 -> 0 | J49: =+Passwörter_Agenturen!R58 -> 0 | K49: =+Passwörter_Agenturen!S58 -> 0 | L49: =+Passwörter_Agenturen!T58 -> 0 | M49: =+Passwörter_Agenturen!U58 -> 0 | N49: =+Passwörter_Agenturen!V58 -> 0 | O49: =+Passwörter_Agenturen!W58 -> 0 | ... Z49: =+Passwörter_Agenturen!AH58 -> 0
A50: =+Passwörter_Agenturen!H59 -> covomo | B50: =+Passwörter_Agenturen!J59 -> 49237783 | C50: =+Passwörter_Agenturen!I59 -> 0 | D50: =+Passwörter_Agenturen!K59 -> 0 | E50: =+Passwörter_Agenturen!L59 -> 0 | F50: =+Passwörter_Agenturen!M59 -> 0 | G50: =+Passwörter_Agenturen!N59 -> 0 | H50: =+Passwörter_Agenturen!P59 -> 0 | I50: =+Passwörter_Agenturen!Q59 -> 0 | J50: =+Passwörter_Agenturen!R59 -> 0 | K50: =+Passwörter_Agenturen!S59 -> 0 | L50: =+Passwörter_Agenturen!T59 -> 0 | M50: =+Passwörter_Agenturen!U59 -> 0 | N50: =+Passwörter_Agenturen!V59 -> 0 | O50: =+Passwörter_Agenturen!W59 -> 0 | ... Z50: =+Passwörter_Agenturen!AH59 -> 0
A51: =+Passwörter_Agenturen!H61 -> DEGENIA | B51: =+Passwörter_Agenturen!J61 -> 00106876 | C51: =+Passwörter_Agenturen!I61 -> 0 | D51: =+Passwörter_Agenturen!K61 -> 0 | E51: =+Passwörter_Agenturen!L61 -> 0 | F51: =+Passwörter_Agenturen!M61 -> 0 | G51: =+Passwörter_Agenturen!N61 -> 0 | H51: =+Passwörter_Agenturen!P61 -> 0 | I51: =+Passwörter_Agenturen!Q61 -> 0 | J51: =+Passwörter_Agenturen!R61 -> 0 | K51: =+Passwörter_Agenturen!S61 -> 0 | L51: =+Passwörter_Agenturen!T61 -> 0 | M51: =+Passwörter_Agenturen!U61 -> 0 | N51: =+Passwörter_Agenturen!V61 -> 0 | O51: =+Passwörter_Agenturen!W61 -> 0 | ... Z51: =+Passwörter_Agenturen!AH61 -> 0
A52: =+Passwörter_Agenturen!H63 -> Delta Direkt | B52: =+Passwörter_Agenturen!J63 -> 23226630 | C52: =+Passwörter_Agenturen!I63 -> 0 | D52: =+Passwörter_Agenturen!K63 -> 0 | E52: =+Passwörter_Agenturen!L63 -> 0 | F52: =+Passwörter_Agenturen!M63 -> 0 | G52: =+Passwörter_Agenturen!N63 -> 0 | H52: =+Passwörter_Agenturen!P63 -> 0 | I52: =+Passwörter_Agenturen!Q63 -> 0 | J52: =+Passwörter_Agenturen!R63 -> 0 | K52: =+Passwörter_Agenturen!S63 -> 0 | L52: =+Passwörter_Agenturen!T63 -> 0 | M52: =+Passwörter_Agenturen!U63 -> 0 | N52: =+Passwörter_Agenturen!V63 -> 0 | O52: =+Passwörter_Agenturen!W63 -> 0 | ... Z52: =+Passwörter_Agenturen!AH63 -> 0
A53: =+Passwörter_Agenturen!H65 -> Der Sachpool | B53: =+Passwörter_Agenturen!J65 -> 0 | C53: =+Passwörter_Agenturen!I65 -> 0 | D53: =+Passwörter_Agenturen!K65 -> 0 | E53: =+Passwörter_Agenturen!L65 -> 0 | F53: =+Passwörter_Agenturen!M65 -> 0 | G53: =+Passwörter_Agenturen!N65 -> 0 | H53: =+Passwörter_Agenturen!P65 -> 0 | I53: =+Passwörter_Agenturen!Q65 -> 0 | J53: =+Passwörter_Agenturen!R65 -> 0 | K53: =+Passwörter_Agenturen!S65 -> 0 | L53: =+Passwörter_Agenturen!T65 -> 0 | M53: =+Passwörter_Agenturen!U65 -> 0 | N53: =+Passwörter_Agenturen!V65 -> 0 | O53: =+Passwörter_Agenturen!W65 -> 0 | ... Z53: =+Passwörter_Agenturen!AH65 -> 0
A54: =+Passwörter_Agenturen!H66 -> Deurag | B54: =+Passwörter_Agenturen!J66 -> 47502 | C54: =+Passwörter_Agenturen!I66 -> 47502 | D54: =+Passwörter_Agenturen!K66 -> 0 | E54: =+Passwörter_Agenturen!L66 -> 51089 | F54: =+Passwörter_Agenturen!M66 -> 0 | G54: =+Passwörter_Agenturen!N66 -> 0 | H54: =+Passwörter_Agenturen!P66 -> 0 | I54: =+Passwörter_Agenturen!Q66 -> 0 | J54: =+Passwörter_Agenturen!R66 -> 0 | K54: =+Passwörter_Agenturen!S66 -> 0 | L54: =+Passwörter_Agenturen!T66 -> 0 | M54: =+Passwörter_Agenturen!U66 -> 0 | N54: =+Passwörter_Agenturen!V66 -> 0 | O54: =+Passwörter_Agenturen!W66 -> 0 | ... Z54: =+Passwörter_Agenturen!AH66 -> 0
A55: =+Passwörter_Agenturen!#REF! -> #REF! | B55: =+Passwörter_Agenturen!#REF! -> #REF! | C55: =+Passwörter_Agenturen!#REF! -> #REF! | D55: =+Passwörter_Agenturen!#REF! -> #REF! | E55: =+Passwörter_Agenturen!#REF! -> #REF! | F55: =+Passwörter_Agenturen!#REF! -> #REF! | G55: =+Passwörter_Agenturen!#REF! -> #REF! | H55: =+Passwörter_Agenturen!#REF! -> #REF! | ... Z55: =+Passwörter_Agenturen!#REF! -> #REF!
A56: =+Passwörter_Agenturen!H67 -> Deutsche Lebensversicherung AG (Allianz) | B56: =+Passwörter_Agenturen!J67 -> 70/2020418 | C56: =+Passwörter_Agenturen!I67 -> 0 | D56: =+Passwörter_Agenturen!K67 -> 0 | E56: =+Passwörter_Agenturen!L67 -> 0 | F56: =+Passwörter_Agenturen!M67 -> 0 | G56: =+Passwörter_Agenturen!N67 -> 0 | H56: =+Passwörter_Agenturen!P67 -> 0 | I56: =+Passwörter_Agenturen!Q67 -> 0 | J56: =+Passwörter_Agenturen!R67 -> 0 | K56: =+Passwörter_Agenturen!S67 -> 0 | L56: =+Passwörter_Agenturen!T67 -> 0 | M56: =+Passwörter_Agenturen!U67 -> 0 | N56: =+Passwörter_Agenturen!V67 -> 0 | O56: =+Passwörter_Agenturen!W67 -> 0 | ... Z56: =+Passwörter_Agenturen!AH67 -> 0
A57: =+Passwörter_Agenturen!H69 -> Deutscher Ring Kranken | B57: =+Passwörter_Agenturen!J69 -> 8656194 | C57: =+Passwörter_Agenturen!I69 -> 8656194 | D57: =+Passwörter_Agenturen!K69 -> 0 | E57: =+Passwörter_Agenturen!L69 -> 0 | F57: =+Passwörter_Agenturen!M69 -> 0 | G57: =+Passwörter_Agenturen!N69 -> 0 | H57: =+Passwörter_Agenturen!P69 -> 0 | I57: =+Passwörter_Agenturen!Q69 -> 0 | J57: =+Passwörter_Agenturen!R69 -> 0 | K57: =+Passwörter_Agenturen!S69 -> 0 | L57: =+Passwörter_Agenturen!T69 -> 0 | M57: =+Passwörter_Agenturen!U69 -> 0 | N57: =+Passwörter_Agenturen!V69 -> 0 | O57: =+Passwörter_Agenturen!W69 -> 0 | ... Z57: =+Passwörter_Agenturen!AH69 -> 0
A58: =+Passwörter_Agenturen!H71 -> Dialog Leben | B58: =+Passwörter_Agenturen!J71 -> 48/0203 | C58: =+Passwörter_Agenturen!I71 -> 480203 | D58: =+Passwörter_Agenturen!K71 -> 0 | E58: =+Passwörter_Agenturen!L71 -> 0 | F58: =+Passwörter_Agenturen!M71 -> 0 | G58: =+Passwörter_Agenturen!N71 -> 0 | H58: =+Passwörter_Agenturen!P71 -> 0 | I58: =+Passwörter_Agenturen!Q71 -> 0 | J58: =+Passwörter_Agenturen!R71 -> 0 | K58: =+Passwörter_Agenturen!S71 -> 0 | L58: =+Passwörter_Agenturen!T71 -> 0 | M58: =+Passwörter_Agenturen!U71 -> 0 | N58: =+Passwörter_Agenturen!V71 -> 0 | O58: =+Passwörter_Agenturen!W71 -> 0 | ... Z58: =+Passwörter_Agenturen!AH71 -> 0
A59: =+Passwörter_Agenturen!H76 -> die Bayerische | B59: =+Passwörter_Agenturen!J76 -> 940862 | C59: =+Passwörter_Agenturen!I76 -> 095910 | D59: =+Passwörter_Agenturen!K76 -> 0 | E59: =+Passwörter_Agenturen!L76 -> 002992 / 95022 (Patronus) | F59: =+Passwörter_Agenturen!M76 -> 0 | G59: =+Passwörter_Agenturen!N76 -> 0 | H59: =+Passwörter_Agenturen!P76 -> 0 | I59: =+Passwörter_Agenturen!Q76 -> 0 | J59: =+Passwörter_Agenturen!R76 -> 0 | K59: =+Passwörter_Agenturen!S76 -> 0 | L59: =+Passwörter_Agenturen!T76 -> 0 | M59: =+Passwörter_Agenturen!U76 -> 0 | N59: =+Passwörter_Agenturen!V76 -> 0 | O59: =+Passwörter_Agenturen!W76 -> 0 | ... Z59: =+Passwörter_Agenturen!AH76 -> 0
A60: =+Passwörter_Agenturen!H77 -> Die Hinterbliebenenkasse HDH | B60: =+Passwörter_Agenturen!J77 -> 1700999 | C60: =+Passwörter_Agenturen!I77 -> 1700999 | D60: =+Passwörter_Agenturen!K77 -> 0 | E60: =+Passwörter_Agenturen!L77 -> 0 | F60: =+Passwörter_Agenturen!M77 -> 0 | G60: =+Passwörter_Agenturen!N77 -> 0 | H60: =+Passwörter_Agenturen!P77 -> 0 | I60: =+Passwörter_Agenturen!Q77 -> 0 | J60: =+Passwörter_Agenturen!R77 -> 0 | K60: =+Passwörter_Agenturen!S77 -> 0 | L60: =+Passwörter_Agenturen!T77 -> 0 | M60: =+Passwörter_Agenturen!U77 -> 0 | N60: =+Passwörter_Agenturen!V77 -> 0 | O60: =+Passwörter_Agenturen!W77 -> 0 | ... Z60: =+Passwörter_Agenturen!AH77 -> 0
A61: =+Passwörter_Agenturen!H78 -> DKB | B61: =+Passwörter_Agenturen!J78 -> 21 122 | C61: =+Passwörter_Agenturen!I78 -> 0 | D61: =+Passwörter_Agenturen!K78 -> 0 | E61: =+Passwörter_Agenturen!L78 -> 0 | F61: =+Passwörter_Agenturen!M78 -> 0 | G61: =+Passwörter_Agenturen!N78 -> 0 | H61: =+Passwörter_Agenturen!P78 -> 0 | I61: =+Passwörter_Agenturen!Q78 -> 0 | J61: =+Passwörter_Agenturen!R78 -> 0 | K61: =+Passwörter_Agenturen!S78 -> 0 | L61: =+Passwörter_Agenturen!T78 -> 0 | M61: =+Passwörter_Agenturen!U78 -> 0 | N61: =+Passwörter_Agenturen!V78 -> 0 | O61: =+Passwörter_Agenturen!W78 -> 0 | ... Z61: =+Passwörter_Agenturen!AH78 -> 0
A62: =+Passwörter_Agenturen!H79 -> DMB Rechtsschutz | B62: =+Passwörter_Agenturen!J79 -> 0 | C62: =+Passwörter_Agenturen!I79 -> 9458 | D62: =+Passwörter_Agenturen!K79 -> 0 | E62: =+Passwörter_Agenturen!L79 -> 0 | F62: =+Passwörter_Agenturen!M79 -> 0 | G62: =+Passwörter_Agenturen!N79 -> 0 | H62: =+Passwörter_Agenturen!P79 -> 0 | I62: =+Passwörter_Agenturen!Q79 -> 0 | J62: =+Passwörter_Agenturen!R79 -> 0 | K62: =+Passwörter_Agenturen!S79 -> 0 | L62: =+Passwörter_Agenturen!T79 -> 0 | M62: =+Passwörter_Agenturen!U79 -> 0 | N62: =+Passwörter_Agenturen!V79 -> 0 | O62: =+Passwörter_Agenturen!W79 -> 0 | ... Z62: =+Passwörter_Agenturen!AH79 -> 0
A63: =+Passwörter_Agenturen!H80 -> Domcura AG | B63: =+Passwörter_Agenturen!J80 -> 0 | C63: =+Passwörter_Agenturen!I80 -> VEMA2202 | D63: =+Passwörter_Agenturen!K80 -> 0 | E63: =+Passwörter_Agenturen!L80 -> 0 | F63: =+Passwörter_Agenturen!M80 -> 0 | G63: =+Passwörter_Agenturen!N80 -> 0 | H63: =+Passwörter_Agenturen!P80 -> 0 | I63: =+Passwörter_Agenturen!Q80 -> 0 | J63: =+Passwörter_Agenturen!R80 -> 0 | K63: =+Passwörter_Agenturen!S80 -> 0 | L63: =+Passwörter_Agenturen!T80 -> 0 | M63: =+Passwörter_Agenturen!U80 -> 0 | N63: =+Passwörter_Agenturen!V80 -> 0 | O63: =+Passwörter_Agenturen!W80 -> 0 | ... Z63: =+Passwörter_Agenturen!AH80 -> 0
A64: =+Passwörter_Agenturen!H82 -> ebase (Jung DMS) | B64: =+Passwörter_Agenturen!J82 -> 383816283 | C64: =+Passwörter_Agenturen!I82 -> 0 | D64: =+Passwörter_Agenturen!K82 -> 0 | E64: =+Passwörter_Agenturen!L82 -> 0 | F64: =+Passwörter_Agenturen!M82 -> 0 | G64: =+Passwörter_Agenturen!N82 -> 0 | H64: =+Passwörter_Agenturen!P82 -> 0 | I64: =+Passwörter_Agenturen!Q82 -> 0 | J64: =+Passwörter_Agenturen!R82 -> 0 | K64: =+Passwörter_Agenturen!S82 -> 0 | L64: =+Passwörter_Agenturen!T82 -> 0 | M64: =+Passwörter_Agenturen!U82 -> 0 | N64: =+Passwörter_Agenturen!V82 -> 0 | O64: =+Passwörter_Agenturen!W82 -> 0 | ... Z64: =+Passwörter_Agenturen!AH82 -> 0
A65: =+Passwörter_Agenturen!H83 -> ebase (Jung DMS) | B65: =+Passwörter_Agenturen!J83 -> 37337993201 | C65: =+Passwörter_Agenturen!I83 -> 0 | D65: =+Passwörter_Agenturen!K83 -> 0 | E65: =+Passwörter_Agenturen!L83 -> 0 | F65: =+Passwörter_Agenturen!M83 -> 0 | G65: =+Passwörter_Agenturen!N83 -> 0 | H65: =+Passwörter_Agenturen!P83 -> 0 | I65: =+Passwörter_Agenturen!Q83 -> 0 | J65: =+Passwörter_Agenturen!R83 -> 0 | K65: =+Passwörter_Agenturen!S83 -> 0 | L65: =+Passwörter_Agenturen!T83 -> 0 | M65: =+Passwörter_Agenturen!U83 -> 0 | N65: =+Passwörter_Agenturen!V83 -> 0 | O65: =+Passwörter_Agenturen!W83 -> 0 | ... Z65: =+Passwörter_Agenturen!AH83 -> 0
A66: =+Passwörter_Agenturen!H84 -> ebase (Jung DMS) | B66: =+Passwörter_Agenturen!J84 -> 383816284 | C66: =+Passwörter_Agenturen!I84 -> 0 | D66: =+Passwörter_Agenturen!K84 -> 0 | E66: =+Passwörter_Agenturen!L84 -> 0 | F66: =+Passwörter_Agenturen!M84 -> 0 | G66: =+Passwörter_Agenturen!N84 -> 0 | H66: =+Passwörter_Agenturen!P84 -> 0 | I66: =+Passwörter_Agenturen!Q84 -> 0 | J66: =+Passwörter_Agenturen!R84 -> 0 | K66: =+Passwörter_Agenturen!S84 -> 0 | L66: =+Passwörter_Agenturen!T84 -> 0 | M66: =+Passwörter_Agenturen!U84 -> 0 | N66: =+Passwörter_Agenturen!V84 -> 0 | O66: =+Passwörter_Agenturen!W84 -> 0 | ... Z66: =+Passwörter_Agenturen!AH84 -> 0
A67: =+Passwörter_Agenturen!H85 -> ebase (Jung DMS) | B67: =+Passwörter_Agenturen!J85 -> 383816286 | C67: =+Passwörter_Agenturen!I85 -> 0 | D67: =+Passwörter_Agenturen!K85 -> 0 | E67: =+Passwörter_Agenturen!L85 -> 0 | F67: =+Passwörter_Agenturen!M85 -> 0 | G67: =+Passwörter_Agenturen!N85 -> 0 | H67: =+Passwörter_Agenturen!P85 -> 0 | I67: =+Passwörter_Agenturen!Q85 -> 0 | J67: =+Passwörter_Agenturen!R85 -> 0 | K67: =+Passwörter_Agenturen!S85 -> 0 | L67: =+Passwörter_Agenturen!T85 -> 0 | M67: =+Passwörter_Agenturen!U85 -> 0 | N67: =+Passwörter_Agenturen!V85 -> 0 | O67: =+Passwörter_Agenturen!W85 -> 0 | ... Z67: =+Passwörter_Agenturen!AH85 -> 0
A68: =+Passwörter_Agenturen!H87 -> Ergo | B68: =+Passwörter_Agenturen!J87 -> 0 | C68: =+Passwörter_Agenturen!I87 -> 0 | D68: =+Passwörter_Agenturen!K87 -> 0 | E68: =+Passwörter_Agenturen!L87 -> 0 | F68: =+Passwörter_Agenturen!M87 -> 0 | G68: =+Passwörter_Agenturen!N87 -> 0 | H68: =+Passwörter_Agenturen!P87 -> 0 | I68: =+Passwörter_Agenturen!Q87 -> 0 | J68: =+Passwörter_Agenturen!R87 -> 0 | K68: =+Passwörter_Agenturen!S87 -> 0 | L68: =+Passwörter_Agenturen!T87 -> 0 | M68: =+Passwörter_Agenturen!U87 -> 0 | N68: =+Passwörter_Agenturen!V87 -> 0 | O68: =+Passwörter_Agenturen!W87 -> 0 | ... Z68: =+Passwörter_Agenturen!AH87 -> 0
A69: =+Passwörter_Agenturen!H88 -> Ergo (ab 01.04.14 für Ergo, Ergo-L, DKV, DAS und Victoria) | B69: =+Passwörter_Agenturen!J88 -> 00555-1323 | C69: =+Passwörter_Agenturen!I88 -> 00555-1323 | D69: =+Passwörter_Agenturen!K88 -> 0 | E69: =+Passwörter_Agenturen!L88 -> 0 | F69: =+Passwörter_Agenturen!M88 -> 0 | G69: =+Passwörter_Agenturen!N88 -> 0 | H69: =+Passwörter_Agenturen!P88 -> 0 | I69: =+Passwörter_Agenturen!Q88 -> 0 | J69: =+Passwörter_Agenturen!R88 -> 0 | K69: =+Passwörter_Agenturen!S88 -> 0 | L69: =+Passwörter_Agenturen!T88 -> 0 | M69: =+Passwörter_Agenturen!U88 -> 0 | N69: =+Passwörter_Agenturen!V88 -> 0 | O69: =+Passwörter_Agenturen!W88 -> 0 | ... Z69: =+Passwörter_Agenturen!AH88 -> 0
A70: =+Passwörter_Agenturen!H89 -> Ergo KV (ex DKV) | B70: =+Passwörter_Agenturen!J89 -> 245353852 | C70: =+Passwörter_Agenturen!I91 -> 886221478 | D70: =+Passwörter_Agenturen!K89 -> 0 | E70: =+Passwörter_Agenturen!L89 -> 0 | F70: =+Passwörter_Agenturen!M89 -> 0 | G70: =+Passwörter_Agenturen!N89 -> 0 | H70: =+Passwörter_Agenturen!P89 -> 0 | I70: =+Passwörter_Agenturen!Q89 -> 0 | J70: =+Passwörter_Agenturen!R89 -> 0 | K70: =+Passwörter_Agenturen!S89 -> 0 | L70: =+Passwörter_Agenturen!T89 -> 0 | M70: =+Passwörter_Agenturen!U89 -> 0 | N70: =+Passwörter_Agenturen!V89 -> 0 | O70: =+Passwörter_Agenturen!W89 -> 0 | ... Z70: =+Passwörter_Agenturen!AH89 -> 0
A71: =+Passwörter_Agenturen!H92 -> Ergo Direkt | B71: =+Passwörter_Agenturen!J92 -> 60001-3404 | C71: =+Passwörter_Agenturen!I92 -> 60001-3404 | D71: =+Passwörter_Agenturen!K92 -> 0 | E71: =+Passwörter_Agenturen!L92 -> 0 | F71: =+Passwörter_Agenturen!M92 -> 0 | G71: =+Passwörter_Agenturen!N92 -> 0 | H71: =+Passwörter_Agenturen!P92 -> 0 | I71: =+Passwörter_Agenturen!Q92 -> 0 | J71: =+Passwörter_Agenturen!R92 -> 0 | K71: =+Passwörter_Agenturen!S92 -> 0 | L71: =+Passwörter_Agenturen!T92 -> 0 | M71: =+Passwörter_Agenturen!U92 -> 0 | N71: =+Passwörter_Agenturen!V92 -> 0 | O71: =+Passwörter_Agenturen!W92 -> 0 | ... Z71: =+Passwörter_Agenturen!AH92 -> 0
A72: =+Passwörter_Agenturen!H94 -> Europ Assistance Versicherungs-AG | B72: =+Passwörter_Agenturen!J94 -> 122700 | C72: =+Passwörter_Agenturen!I94 -> 0 | D72: =+Passwörter_Agenturen!K94 -> 0 | E72: =+Passwörter_Agenturen!L94 -> 0 | F72: =+Passwörter_Agenturen!M94 -> 0 | G72: =+Passwörter_Agenturen!N94 -> 0 | H72: =+Passwörter_Agenturen!P94 -> 0 | I72: =+Passwörter_Agenturen!Q94 -> 0 | J72: =+Passwörter_Agenturen!R94 -> 0 | K72: =+Passwörter_Agenturen!S94 -> 0 | L72: =+Passwörter_Agenturen!T94 -> 0 | M72: =+Passwörter_Agenturen!U94 -> 0 | N72: =+Passwörter_Agenturen!V94 -> 0 | O72: =+Passwörter_Agenturen!W94 -> 0 | ... Z72: =+Passwörter_Agenturen!AH94 -> 0
A73: =+Passwörter_Agenturen!H95 -> Europa (über Continentale) | B73: =+Passwörter_Agenturen!J95 -> 9200754 | C73: =+Passwörter_Agenturen!I95 -> 0 | D73: =+Passwörter_Agenturen!K95 -> 0 | E73: =+Passwörter_Agenturen!L95 -> 0 | F73: =+Passwörter_Agenturen!M95 -> 0 | G73: =+Passwörter_Agenturen!N95 -> 0 | H73: =+Passwörter_Agenturen!P95 -> 0 | I73: =+Passwörter_Agenturen!Q95 -> 0 | J73: =+Passwörter_Agenturen!R95 -> 0 | K73: =+Passwörter_Agenturen!S95 -> 0 | L73: =+Passwörter_Agenturen!T95 -> 0 | M73: =+Passwörter_Agenturen!U95 -> 0 | N73: =+Passwörter_Agenturen!V95 -> 0 | O73: =+Passwörter_Agenturen!W95 -> 0 | ... Z73: =+Passwörter_Agenturen!AH95 -> 0
A74: =+Passwörter_Agenturen!H96 -> FdB Fondsdepot Bank (Jung DMS) | B74: =+Passwörter_Agenturen!J96 -> V201193478 | C74: =+Passwörter_Agenturen!I96 -> 0 | D74: =+Passwörter_Agenturen!K96 -> 0 | E74: =+Passwörter_Agenturen!L96 -> 0 | F74: =+Passwörter_Agenturen!M96 -> 0 | G74: =+Passwörter_Agenturen!N96 -> 0 | H74: =+Passwörter_Agenturen!P96 -> 0 | I74: =+Passwörter_Agenturen!Q96 -> 0 | J74: =+Passwörter_Agenturen!R96 -> 0 | K74: =+Passwörter_Agenturen!S96 -> 0 | L74: =+Passwörter_Agenturen!T96 -> 0 | M74: =+Passwörter_Agenturen!U96 -> 0 | N74: =+Passwörter_Agenturen!V96 -> 0 | O74: =+Passwörter_Agenturen!W96 -> 0 | ... Z74: =+Passwörter_Agenturen!AH96 -> 0
A75: =+Passwörter_Agenturen!H97 -> FFB Frankfurter Fondsbank (Jung DMS) | B75: =+Passwörter_Agenturen!J97 -> V8446566 | C75: =+Passwörter_Agenturen!I97 -> 0 | D75: =+Passwörter_Agenturen!K97 -> 0 | E75: =+Passwörter_Agenturen!L97 -> 0 | F75: =+Passwörter_Agenturen!M97 -> 0 | G75: =+Passwörter_Agenturen!N97 -> 0 | H75: =+Passwörter_Agenturen!P97 -> 0 | I75: =+Passwörter_Agenturen!Q97 -> 0 | J75: =+Passwörter_Agenturen!R97 -> 0 | K75: =+Passwörter_Agenturen!S97 -> 0 | L75: =+Passwörter_Agenturen!T97 -> 0 | M75: =+Passwörter_Agenturen!U97 -> 0 | N75: =+Passwörter_Agenturen!V97 -> 0 | O75: =+Passwörter_Agenturen!W97 -> 0 | ... Z75: =+Passwörter_Agenturen!AH97 -> 0
A76: =+Passwörter_Agenturen!H98 -> Fondskonzept AG (Invers) | B76: =+Passwörter_Agenturen!J98 -> 98144 | C76: =+Passwörter_Agenturen!I98 -> 0 | D76: =+Passwörter_Agenturen!K98 -> 0 | E76: =+Passwörter_Agenturen!L98 -> MSC | F76: =+Passwörter_Agenturen!M98 -> 0 | G76: =+Passwörter_Agenturen!N98 -> 0 | H76: =+Passwörter_Agenturen!P98 -> 0 | I76: =+Passwörter_Agenturen!Q98 -> 0 | J76: =+Passwörter_Agenturen!R98 -> 0 | K76: =+Passwörter_Agenturen!S98 -> 0 | L76: =+Passwörter_Agenturen!T98 -> 0 | M76: =+Passwörter_Agenturen!U98 -> 0 | N76: =+Passwörter_Agenturen!V98 -> 0 | O76: =+Passwörter_Agenturen!W98 -> 0 | ... Z76: =+Passwörter_Agenturen!AH98 -> 0
A77: =+Passwörter_Agenturen!H99 -> Fondskonzept AG (VEMA) | B77: =+Passwörter_Agenturen!J99 -> 0 | C77: =+Passwörter_Agenturen!I99 -> 98162 | D77: =+Passwörter_Agenturen!K99 -> 0 | E77: =+Passwörter_Agenturen!L99 -> 0 | F77: =+Passwörter_Agenturen!M99 -> 0 | G77: =+Passwörter_Agenturen!N99 -> 0 | H77: =+Passwörter_Agenturen!P99 -> 0 | I77: =+Passwörter_Agenturen!Q99 -> 0 | J77: =+Passwörter_Agenturen!R99 -> 0 | K77: =+Passwörter_Agenturen!S99 -> 0 | L77: =+Passwörter_Agenturen!T99 -> 0 | M77: =+Passwörter_Agenturen!U99 -> 0 | N77: =+Passwörter_Agenturen!V99 -> 0 | O77: =+Passwörter_Agenturen!W99 -> 0 | ... Z77: =+Passwörter_Agenturen!AH99 -> 0
A78: =+Passwörter_Agenturen!H100 -> Fondskonzept AG (Atvantis) | B78: =+Passwörter_Agenturen!J100 -> 0 | C78: =+Passwörter_Agenturen!I100 -> 0 | D78: =+Passwörter_Agenturen!K100 -> 0 | E78: =+Passwörter_Agenturen!L100 -> 0 | F78: =+Passwörter_Agenturen!M100 -> 0 | G78: =+Passwörter_Agenturen!N100 -> 0 | H78: =+Passwörter_Agenturen!P100 -> 0 | I78: =+Passwörter_Agenturen!Q100 -> 98010 | J78: =+Passwörter_Agenturen!R100 -> 0 | K78: =+Passwörter_Agenturen!S100 -> 0 | L78: =+Passwörter_Agenturen!T100 -> 0 | M78: =+Passwörter_Agenturen!U100 -> 0 | N78: =+Passwörter_Agenturen!V100 -> 0 | O78: =+Passwörter_Agenturen!W100 -> 0 | ... Z78: =+Passwörter_Agenturen!AH100 -> 0
A79: =+Passwörter_Agenturen!H101 -> Fortuna | B79: =+Passwörter_Agenturen!J101 -> 3362 | C79: =+Passwörter_Agenturen!I101 -> 0 | D79: =+Passwörter_Agenturen!K101 -> 0 | E79: =+Passwörter_Agenturen!L101 -> 0 | F79: =+Passwörter_Agenturen!M101 -> 0 | G79: =+Passwörter_Agenturen!N101 -> 0 | H79: =+Passwörter_Agenturen!P101 -> 0 | I79: =+Passwörter_Agenturen!Q101 -> 0 | J79: =+Passwörter_Agenturen!R101 -> 0 | K79: =+Passwörter_Agenturen!S101 -> 0 | L79: =+Passwörter_Agenturen!T101 -> 0 | M79: =+Passwörter_Agenturen!U101 -> 0 | N79: =+Passwörter_Agenturen!V101 -> 0 | O79: =+Passwörter_Agenturen!W101 -> 0 | ... Z79: =+Passwörter_Agenturen!AH101 -> 0
A80: =+Passwörter_Agenturen!H102 -> Franke & Bornberg | B80: =+Passwörter_Agenturen!J102 -> 0 | C80: =+Passwörter_Agenturen!I102 -> 0 | D80: =+Passwörter_Agenturen!K102 -> 0 | E80: =+Passwörter_Agenturen!L102 -> 0 | F80: =+Passwörter_Agenturen!M102 -> 0 | G80: =+Passwörter_Agenturen!N102 -> 0 | H80: =+Passwörter_Agenturen!P102 -> 0 | I80: =+Passwörter_Agenturen!Q102 -> 0 | J80: =+Passwörter_Agenturen!R102 -> 0 | K80: =+Passwörter_Agenturen!S102 -> 0 | L80: =+Passwörter_Agenturen!T102 -> 0 | M80: =+Passwörter_Agenturen!U102 -> 0 | N80: =+Passwörter_Agenturen!V102 -> 0 | O80: =+Passwörter_Agenturen!W102 -> 0 | ... Z80: =+Passwörter_Agenturen!AH102 -> 0
A81: =+Passwörter_Agenturen!H103 -> Franke & Bornberg (versdiagnose) | B81: =+Passwörter_Agenturen!J103 -> 0 | C81: =+Passwörter_Agenturen!I103 -> 0 | D81: =+Passwörter_Agenturen!K103 -> 0 | E81: =+Passwörter_Agenturen!L103 -> 0 | F81: =+Passwörter_Agenturen!M103 -> 0 | G81: =+Passwörter_Agenturen!N103 -> 0 | H81: =+Passwörter_Agenturen!P103 -> 0 | I81: =+Passwörter_Agenturen!Q103 -> 0 | J81: =+Passwörter_Agenturen!R103 -> 0 | K81: =+Passwörter_Agenturen!S103 -> 0 | L81: =+Passwörter_Agenturen!T103 -> 0 | M81: =+Passwörter_Agenturen!U103 -> 0 | N81: =+Passwörter_Agenturen!V103 -> 0 | O81: =+Passwörter_Agenturen!W103 -> 0 | ... Z81: =+Passwörter_Agenturen!AH103 -> 0
A82: =+Passwörter_Agenturen!H104 -> Fritzbox | B82: =+Passwörter_Agenturen!J104 -> 0 | C82: =+Passwörter_Agenturen!I104 -> 0 | D82: =+Passwörter_Agenturen!K104 -> 0 | E82: =+Passwörter_Agenturen!L104 -> 0 | F82: =+Passwörter_Agenturen!M104 -> 0 | G82: =+Passwörter_Agenturen!N104 -> 0 | H82: =+Passwörter_Agenturen!P104 -> 0 | I82: =+Passwörter_Agenturen!Q104 -> 0 | J82: =+Passwörter_Agenturen!R104 -> 0 | K82: =+Passwörter_Agenturen!S104 -> 0 | L82: =+Passwörter_Agenturen!T104 -> 0 | M82: =+Passwörter_Agenturen!U104 -> 0 | N82: =+Passwörter_Agenturen!V104 -> 0 | O82: =+Passwörter_Agenturen!W104 -> 0 | ... Z82: =+Passwörter_Agenturen!AH104 -> 0
A83: =+Passwörter_Agenturen!H105 -> GAMAX (JDC) | B83: =+Passwörter_Agenturen!J105 -> 309936 | C83: =+Passwörter_Agenturen!I105 -> 0 | D83: =+Passwörter_Agenturen!K105 -> 0 | E83: =+Passwörter_Agenturen!L105 -> 0 | F83: =+Passwörter_Agenturen!M105 -> 0 | G83: =+Passwörter_Agenturen!N105 -> 0 | H83: =+Passwörter_Agenturen!P105 -> 0 | I83: =+Passwörter_Agenturen!Q105 -> 0 | J83: =+Passwörter_Agenturen!R105 -> 0 | K83: =+Passwörter_Agenturen!S105 -> 0 | L83: =+Passwörter_Agenturen!T105 -> 0 | M83: =+Passwörter_Agenturen!U105 -> 0 | N83: =+Passwörter_Agenturen!V105 -> 0 | O83: =+Passwörter_Agenturen!W105 -> 0 | ... Z83: =+Passwörter_Agenturen!AH105 -> 0
A84: =+Passwörter_Agenturen!#REF! -> #REF! | B84: =+Passwörter_Agenturen!#REF! -> #REF! | C84: =+Passwörter_Agenturen!#REF! -> #REF! | D84: =+Passwörter_Agenturen!#REF! -> #REF! | E84: =+Passwörter_Agenturen!#REF! -> #REF! | F84: =+Passwörter_Agenturen!#REF! -> #REF! | G84: =+Passwörter_Agenturen!#REF! -> #REF! | H84: =+Passwörter_Agenturen!#REF! -> #REF! | ... Z84: =+Passwörter_Agenturen!#REF! -> #REF!
A85: =+Passwörter_Agenturen!H72 -> Dialog (Altbestand GENERAI) | B85: =+Passwörter_Agenturen!J72 -> 122700 | C85: =+Passwörter_Agenturen!I72 -> 106151 | D85: =+Passwörter_Agenturen!K72 -> 0 | E85: =+Passwörter_Agenturen!L72 -> 0 | F85: =+Passwörter_Agenturen!M72 -> 0 | G85: =+Passwörter_Agenturen!N72 -> 0 | H85: =+Passwörter_Agenturen!P72 -> 103677, 293181 | I85: =+Passwörter_Agenturen!Q72 -> 103680 | J85: =+Passwörter_Agenturen!R72 -> 103681 | K85: =+Passwörter_Agenturen!S72 -> 0 | L85: =+Passwörter_Agenturen!T72 -> 0 | M85: =+Passwörter_Agenturen!U72 -> 0 | N85: =+Passwörter_Agenturen!V72 -> 103682 | O85: =+Passwörter_Agenturen!W72 -> alt 186604 | ... Z85: =+Passwörter_Agenturen!AH72 -> 0
A86: =+Passwörter_Agenturen!H73 -> Dialog Heilwesen | B86: =+Passwörter_Agenturen!J73 -> 785946 | C86: =+Passwörter_Agenturen!I73 -> 0 | D86: =+Passwörter_Agenturen!K73 -> 0 | E86: =+Passwörter_Agenturen!L73 -> 0 | F86: =+Passwörter_Agenturen!M73 -> 0 | G86: =+Passwörter_Agenturen!N73 -> 0 | H86: =+Passwörter_Agenturen!P73 -> 0 | I86: =+Passwörter_Agenturen!Q73 -> 0 | J86: =+Passwörter_Agenturen!R73 -> 0 | K86: =+Passwörter_Agenturen!S73 -> 0 | L86: =+Passwörter_Agenturen!T73 -> 0 | M86: =+Passwörter_Agenturen!U73 -> 0 | N86: =+Passwörter_Agenturen!V73 -> 0 | O86: =+Passwörter_Agenturen!W73 -> 0 | ... Z86: =+Passwörter_Agenturen!AH73 -> 0
A87: =+Passwörter_Agenturen!H74 -> Dialog Mitarbeiter Kfz | B87: =+Passwörter_Agenturen!J74 -> 156902 | C87: =+Passwörter_Agenturen!I74 -> 0 | D87: =+Passwörter_Agenturen!K74 -> 0 | E87: =+Passwörter_Agenturen!L74 -> 0 | F87: =+Passwörter_Agenturen!M74 -> 0 | G87: =+Passwörter_Agenturen!N74 -> 0 | H87: =+Passwörter_Agenturen!P74 -> 103679 | I87: =+Passwörter_Agenturen!Q74 -> 103959 | J87: =+Passwörter_Agenturen!R74 -> 0 | K87: =+Passwörter_Agenturen!S74 -> 0 | L87: =+Passwörter_Agenturen!T74 -> 0 | M87: =+Passwörter_Agenturen!U74 -> 0 | N87: =+Passwörter_Agenturen!V74 -> 0 | O87: =+Passwörter_Agenturen!W74 -> 0 | ... Z87: =+Passwörter_Agenturen!AH74 -> 0
A88: =+Passwörter_Agenturen!H107 -> Gothaer Krankenversicherung | B88: =+Passwörter_Agenturen!J107 -> 0 | C88: =+Passwörter_Agenturen!I107 -> 38580 | D88: =+Passwörter_Agenturen!K107 -> 0 | E88: =+Passwörter_Agenturen!L107 -> 57319 | F88: =+Passwörter_Agenturen!M107 -> 0 | G88: =+Passwörter_Agenturen!N107 -> 0 | H88: =+Passwörter_Agenturen!P107 -> 0 | I88: =+Passwörter_Agenturen!Q107 -> 0 | J88: =+Passwörter_Agenturen!R107 -> 0 | K88: =+Passwörter_Agenturen!S107 -> 0 | L88: =+Passwörter_Agenturen!T107 -> 0 | M88: =+Passwörter_Agenturen!U107 -> 0 | N88: =+Passwörter_Agenturen!V107 -> 0 | O88: =+Passwörter_Agenturen!W107 -> 0 | ... Z88: =+Passwörter_Agenturen!AH107 -> 0
A89: =+Passwörter_Agenturen!H110 -> GVO Gegenseitigkeit Versicherung Oldenburg | B89: =+Passwörter_Agenturen!J110 | C89: =+Passwörter_Agenturen!I110 -> 3638 | D89: =+Passwörter_Agenturen!K110 -> 0 | E89: =+Passwörter_Agenturen!L110 -> 0 | F89: =+Passwörter_Agenturen!M110 -> 0 | G89: =+Passwörter_Agenturen!N110 -> 0 | H89: =+Passwörter_Agenturen!P110 -> 0 | I89: =+Passwörter_Agenturen!Q110 -> 0 | J89: =+Passwörter_Agenturen!R110 -> 0 | K89: =+Passwörter_Agenturen!S110 -> 0 | L89: =+Passwörter_Agenturen!T110 -> 0 | M89: =+Passwörter_Agenturen!U110 -> 0 | N89: =+Passwörter_Agenturen!V110 -> 0 | O89: =+Passwörter_Agenturen!W110 -> 0 | ... Z89: =+Passwörter_Agenturen!AH110 -> 0
A90: =+Passwörter_Agenturen!H111 -> Die Haftpflichtkasse Darmstadt | B90: =+Passwörter_Agenturen!J111 -> 009534-457 | C90: =+Passwörter_Agenturen!I111 -> 009534-457 | D90: =+Passwörter_Agenturen!K111 -> 0 | E90: =+Passwörter_Agenturen!L111 -> 007993-201 | F90: =+Passwörter_Agenturen!M111 -> 0 | G90: =+Passwörter_Agenturen!N111 -> 9104-057 | H90: =+Passwörter_Agenturen!P111 -> 0 | I90: =+Passwörter_Agenturen!Q111 -> 0 | J90: =+Passwörter_Agenturen!R111 -> 0 | K90: =+Passwörter_Agenturen!S111 -> 0 | L90: =+Passwörter_Agenturen!T111 -> 007993-209; ex 007782-031 | M90: =+Passwörter_Agenturen!U111 -> 0 | N90: =+Passwörter_Agenturen!V111 -> 0 | O90: =+Passwörter_Agenturen!W111 -> 0 | ... Z90: =+Passwörter_Agenturen!AH111 -> 0
A91: =+Passwörter_Agenturen!H112 -> Hallesche KV | B91: =+Passwörter_Agenturen!J112 -> 482367 | C91: =+Passwörter_Agenturen!I112 -> 160999 | D91: =+Passwörter_Agenturen!K112 -> 0 | E91: =+Passwörter_Agenturen!L112 -> 0 | F91: =+Passwörter_Agenturen!M112 -> 0 | G91: =+Passwörter_Agenturen!N112 -> 0 | H91: =+Passwörter_Agenturen!P112 -> 0 | I91: =+Passwörter_Agenturen!Q112 -> 0 | J91: =+Passwörter_Agenturen!R112 -> 0 | K91: =+Passwörter_Agenturen!S112 -> 0 | L91: =+Passwörter_Agenturen!T112 -> 0 | M91: =+Passwörter_Agenturen!U112 -> 0 | N91: =+Passwörter_Agenturen!V112 -> 0 | O91: =+Passwörter_Agenturen!W112 -> 0 | ... Z91: =+Passwörter_Agenturen!AH112 -> 0
A92: =+Passwörter_Agenturen!H114 -> Hannoverische Leben / SLP | B92: =+Passwörter_Agenturen!J114 -> VL100142-108 | C92: =+Passwörter_Agenturen!I114 -> 0 | D92: =+Passwörter_Agenturen!K114 -> 0 | E92: =+Passwörter_Agenturen!L114 -> 0 | F92: =+Passwörter_Agenturen!M114 -> 0 | G92: =+Passwörter_Agenturen!N114 -> 0 | H92: =+Passwörter_Agenturen!P114 -> 0 | I92: =+Passwörter_Agenturen!Q114 -> 0 | J92: =+Passwörter_Agenturen!R114 -> 0 | K92: =+Passwörter_Agenturen!S114 -> 0 | L92: =+Passwörter_Agenturen!T114 -> 0 | M92: =+Passwörter_Agenturen!U114 -> 0 | N92: =+Passwörter_Agenturen!V114 -> 0 | O92: =+Passwörter_Agenturen!W114 -> 0 | ... Z92: =+Passwörter_Agenturen!AH114 -> 0
A93: =+Passwörter_Agenturen!H115 -> Hanse Merkur | B93: =+Passwörter_Agenturen!J115 -> 3365483 | C93: =+Passwörter_Agenturen!I115 -> 0 | D93: =+Passwörter_Agenturen!K115 -> 0 | E93: =+Passwörter_Agenturen!L115 -> 0 | F93: =+Passwörter_Agenturen!M115 -> 0 | G93: =+Passwörter_Agenturen!N115 -> 0 | H93: =+Passwörter_Agenturen!P115 -> 0 | I93: =+Passwörter_Agenturen!Q115 -> 0 | J93: =+Passwörter_Agenturen!R115 -> 0 | K93: =+Passwörter_Agenturen!S115 -> 0 | L93: =+Passwörter_Agenturen!T115 -> 0 | M93: =+Passwörter_Agenturen!U115 -> 0 | N93: =+Passwörter_Agenturen!V115 -> 0 | O93: =+Passwörter_Agenturen!W115 -> 0 | ... Z93: =+Passwörter_Agenturen!AH115 -> 0
A94: =+Passwörter_Agenturen!H116 -> HanseMerkur Kranken | B94: =+Passwörter_Agenturen!J116 -> 3365483 | C94: =+Passwörter_Agenturen!I116 -> 0 | D94: =+Passwörter_Agenturen!K116 -> 0 | E94: =+Passwörter_Agenturen!L116 -> 0 | F94: =+Passwörter_Agenturen!M116 -> 0 | G94: =+Passwörter_Agenturen!N116 -> 0 | H94: =+Passwörter_Agenturen!P116 -> 0 | I94: =+Passwörter_Agenturen!Q116 -> 0 | J94: =+Passwörter_Agenturen!R116 -> 0 | K94: =+Passwörter_Agenturen!S116 -> 0 | L94: =+Passwörter_Agenturen!T116 -> 0 | M94: =+Passwörter_Agenturen!U116 -> 0 | N94: =+Passwörter_Agenturen!V116 -> 0 | O94: =+Passwörter_Agenturen!W116 -> 0 | ... Z94: =+Passwörter_Agenturen!AH116 -> 0
A95: =+Passwörter_Agenturen!H117 -> HanseMerkur Reise | B95: =+Passwörter_Agenturen!J117 -> 3365483 | C95: =+Passwörter_Agenturen!I117 -> 0 | D95: =+Passwörter_Agenturen!K117 -> 0 | E95: =+Passwörter_Agenturen!L117 -> 0 | F95: =+Passwörter_Agenturen!M117 -> 0 | G95: =+Passwörter_Agenturen!N117 -> 0 | H95: =+Passwörter_Agenturen!P117 -> 0 | I95: =+Passwörter_Agenturen!Q117 -> 0 | J95: =+Passwörter_Agenturen!R117 -> 0 | K95: =+Passwörter_Agenturen!S117 -> 0 | L95: =+Passwörter_Agenturen!T117 -> 0 | M95: =+Passwörter_Agenturen!U117 -> 0 | N95: =+Passwörter_Agenturen!V117 -> 0 | O95: =+Passwörter_Agenturen!W117 -> 0 | ... Z95: =+Passwörter_Agenturen!AH117 -> 0
A96: =+Passwörter_Agenturen!#REF! -> #REF! | B96: =+Passwörter_Agenturen!#REF! -> #REF! | C96: =+Passwörter_Agenturen!#REF! -> #REF! | D96: =+Passwörter_Agenturen!#REF! -> #REF! | E96: =+Passwörter_Agenturen!#REF! -> #REF! | F96: =+Passwörter_Agenturen!#REF! -> #REF! | G96: =+Passwörter_Agenturen!#REF! -> #REF! | H96: =+Passwörter_Agenturen!#REF! -> #REF! | ... Z96: =+Passwörter_Agenturen!#REF! -> #REF!
A97: =+Passwörter_Agenturen!#REF! -> #REF! | B97: =+Passwörter_Agenturen!#REF! -> #REF! | C97: =+Passwörter_Agenturen!#REF! -> #REF! | D97: =+Passwörter_Agenturen!#REF! -> #REF! | E97: =+Passwörter_Agenturen!#REF! -> #REF! | F97: =+Passwörter_Agenturen!#REF! -> #REF! | G97: =+Passwörter_Agenturen!#REF! -> #REF! | H97: =+Passwörter_Agenturen!#REF! -> #REF! | ... Z97: =+Passwörter_Agenturen!#REF! -> #REF!
A98: =+Passwörter_Agenturen!#REF! -> #REF! | B98: =+Passwörter_Agenturen!#REF! -> #REF! | C98: =+Passwörter_Agenturen!#REF! -> #REF! | D98: =+Passwörter_Agenturen!#REF! -> #REF! | E98: =+Passwörter_Agenturen!#REF! -> #REF! | F98: =+Passwörter_Agenturen!#REF! -> #REF! | G98: =+Passwörter_Agenturen!#REF! -> #REF! | H98: =+Passwörter_Agenturen!#REF! -> #REF! | ... Z98: =+Passwörter_Agenturen!#REF! -> #REF!
A99: =+Passwörter_Agenturen!H120 -> HDI Leben | B99: =+Passwörter_Agenturen!J120 -> 021449 | C99: =+Passwörter_Agenturen!I120 -> 519080 | D99: =+Passwörter_Agenturen!K120 -> 0 | E99: =+Passwörter_Agenturen!L120 -> 612601 | F99: =+Passwörter_Agenturen!M120 -> 0 | G99: =+Passwörter_Agenturen!N120 -> 0 | H99: =+Passwörter_Agenturen!P120 -> 0 | I99: =+Passwörter_Agenturen!Q120 -> 0 | J99: =+Passwörter_Agenturen!R120 -> 0 | K99: =+Passwörter_Agenturen!S120 -> 0 | L99: =+Passwörter_Agenturen!T120 -> 0 | M99: =+Passwörter_Agenturen!U120 -> 0 | N99: =+Passwörter_Agenturen!V120 -> 0 | O99: =+Passwörter_Agenturen!W120 -> 0 | ... Z99: =+Passwörter_Agenturen!AH120 -> 0
A100: =+Passwörter_Agenturen!H121 -> HDI Sach | B100: =+Passwörter_Agenturen!J121 -> 203-44780 | C100: =+Passwörter_Agenturen!I121 -> 2020002410 | D100: =+Passwörter_Agenturen!K121 -> 0 | E100: =+Passwörter_Agenturen!L121 -> 0 | F100: =+Passwörter_Agenturen!M121 -> 0 | G100: =+Passwörter_Agenturen!N121 -> 0 | H100: =+Passwörter_Agenturen!P121 -> 0 | I100: =+Passwörter_Agenturen!Q121 -> 0 | J100: =+Passwörter_Agenturen!R121 -> 0 | K100: =+Passwörter_Agenturen!S121 -> 0 | L100: =+Passwörter_Agenturen!T121 -> 0 | M100: =+Passwörter_Agenturen!U121 -> 0 | N100: =+Passwörter_Agenturen!V121 -> 0 | O100: =+Passwörter_Agenturen!W121 -> 0 | ... Z100: =+Passwörter_Agenturen!AH121 -> 0
...

Sheet VEMA-Nr´n
A1: Vermittlernummern (alle Versicherer) Stand: 13.01.2017
A2: Versicherer | B2: VmNr | C2: Attribute
A3: Aachener Bausparkasse AG
A4: ACE European Group Limited Direktion für Deutschland | B4: 2202_VEMA | C4: keine Anbindung (VR)
A5: Adcuri | B5: 950212022
A6: Advigon Versicherung AG | B6: 3780145 | C6: Zuordnung bestätigt
A7: Aegon Niederlassung Deutschland der Aegon Ireland plc
A8: AIG Europe Limited (Marke WüBa) | B8: 16603-000 | C8: Zuordnung bestätigt
A9: ALLCURA Versicherungs-Aktiengesellschaft
A10: Allianz Versicherungen | B10: 0603123 | C10: Zuordnung bestätigt _x000D_ _x000D_ KV
A11: Allianz Versicherungen | B11: 2202_VEMA | C11: keine Anbindung (VR) _x000D_ Sach
A12: Allianz Versicherungen | B12: 501102650 | C12: Zuordnung bestätigt _x000D_ LV
A13: Allianz Versicherungen | B13: 702022262 | C13: Zuordnung bestätigt _x000D_ _x000D_ _x000D_ CZ beendet (VM) _x000D_ LV
A14: Allianz Versicherungen | B14: 705850637 | C14: Zuordnung bestätigt _x000D_ KV
A15: Allianz Esa cargo & logistics GmbH
A16: Allianz Global Assistance
A17: ALTE LEIPZIGER | B17: 580678001 | C17: nicht zugeordnet _x000D_ LV _x000D_ Sach
A18: ALTE LEIPZIGER | B18: 580678002 | C18: Verbundnummer
A19: Alte Oldenburger Krankenversicherung AG
A20: Amlin Insurance SE Direktion für Deutschland
A21: Ammerländer Versicherung VVaG | B21: 24600 | C21: Zuordnung bestätigt
A22: ANGLO Underwriting GmbH
A23: ARAG Versicherungen | B23: 2202_VEMA | C23: keine Anbindung (VR)
A24: Atradius Kreditversicherung
A25: AUXILIA Rechtsschutz-Versicherungs AG | B25: 107175 | C25: Zuordnung bestätigt
A26: AUXILIA Rechtsschutz-Versicherungs AG | B26: 112366 | C26: Zuordnung bestätigt _x000D_ _x000D_ _x000D_ CZ beendet (VM)
A27: AXA Versicherungen | B27: 1035006249 | C27: nicht zugeordnet _x000D_ LV
A28: AXA Versicherungen | B28: 1048000805 | C28: Zuordnung bestätigt _x000D_ _x000D_ Sach
A29: AXA Versicherungen | B29: 1048001741 | C29: nicht für Neugeschäft _x000D_ Sach
A30: AXA Versicherungen | B30: 1048001767 | C30: nicht für Neugeschäft _x000D_ Sach
A31: AXA Versicherungen | B31: 1048001772 | C31: nicht für Neugeschäft _x000D_ Sach
A32: AXA Versicherungen | B32: 1048001791 | C32: nicht für Neugeschäft _x000D_ Sach
A33: AXA Versicherungen | B33: 5707000805 | C33: nicht zugeordnet _x000D_ KV
A34: Baden-Badener Versicherung AG | B34: 782644 | C34: Zuordnung bestätigt
A35: Baloise Luxembourg
A36: Barmenia | B36: 0021/1650 | C36: nicht zugeordnet
A37: Basler Versicherungen | B37: 082225 | C37: Zuordnung bestätigt
A38: BavariaDirekt OVAG - Ostdeutsche Versicherung Aktiengesellschaft
A39: Bayerische Hausbesitzer-Versicherungs-Gesellschaft a.G. | B39: 6255 | C39: Zuordnung bestätigt
A40: Berliner Versicherung (BVAG)
A41: BGV / Badische Versicherungen
A42: BHW
A43: BSG Basler Service GmbH | B43: VEMA-2202-00 | C43: Zuordnung bestätigt
A44: Canada Life | B44: A5G6 | C44: Zuordnung bestätigt
A45: Care Concept AG
A46: Carl Rieck Assecuradeur GmbH
A47: CENTRAL | B47: 2202_VEMA | C47: keine Anbindung (VR)
A48: Chubb Insurance Company of Europe SE
A49: Coface
A50: Concordia Versicherungen | B50: 35143/000 | C50: Zuordnung bestätigt
A51: Concordia oeco Lebensversicherungs-AG
A52: Condor Versicherungen | B52: 14855 | C52: nicht zugeordnet _x000D_ Investmentfonds _x000D_ LV
A53: Condor Versicherungen | B53: 806252 | C53: Zuordnung bestätigt _x000D_ _x000D_ LV
A54: Confiserie Burg Lauenstein GmbH
A55: CONSAL (BBKK und UKV)
A56: Continentale Versicherungen | B56: 6100401 | C56: Zuordnung nicht gewünscht _x000D_ Zuordnung von VR abgelehnt
A57: D.A.S. Allgemeine Rechtsschutz Versicherung AG (ERGO)
A58: DA direkt - Deutsche Allgemeine Versicherung (Zurich Gruppe)
A59: DEURAG Versicherungen | B59: 47502 | C59: Zuordnung bestätigt
A60: DEURAG Versicherungen | B60: 51089 | C60: Anbindung über Invers
A61: Deutscher Ring Krankenversicherung | B61: 911/0988 | C61: Zuordnung bestätigt _x000D_ _x000D_ KV
A62: DEVK Deutsche Eisenbahn Versicherung
A63: DFV Deutsche Familienversicherung AG
A64: Dialog Lebensversicherung | B64: 480203 | C64: Zuordnung bestätigt
A65: Die Bayerische (ehemals BBV)
A66: Die Hinterbliebenenkasse HDH Versicherungsverein a G. | B66: 1700999 | C66: Zuordnung bestätigt
A67: Direct Line Versicherung AG
A68: DKV Krankenversicherung AG (ERGO) | B68: 245353852 | C68: nicht zugeordnet
A69: DKV Krankenversicherung AG (ERGO) | B69: 88622-1478 | C69: Zuordnung bestätigt
A70: DKV Krankenversicherung AG (ERGO) | B70: 886985 | C70: nicht für Neugeschäft _x000D_ _x000D_ _x000D_ Verbundnummer
A71: DMB Rechtsschutz | B71: 9458 | C71: Zuordnung bestätigt
A72: Docura VVaG Versicherungen
A73: DOMCURA AG | B73: VEMA2202 | C73: Zuordnung bestätigt
A74: elipsLife German Branch
A75: Ergo LV | B75: 00555-1323 | C75: Zuordnung bestätigt _x000D_ nicht zugeordnet _x000D_ LV
A76: Ergo | B76: 60001-3404 | C76: nicht zugeordnet
A77: Ergo LV | B77: 886985 | C77: nicht für Neugeschäft _x000D_ _x000D_ _x000D_ LV _x000D_ Verbundnummer
A78: ERV AG (ERGO) | B78: 015317002202 | C78: Zuordnung bestätigt
A79: Euler Hermes Kreditversicherungs-AG
A80: EUROPA Versicherungen
A81: EXTREMUS Versicherungs-AG
A82: FondsKonzept AG | B82: 2202_VEMA | C82: Courtagezusage beantragt
A83: Friends Provident International fpb financial partners business AG
A84: Generali Versicherungen / Advocard Rechtsschutz | B84: 106151 | C84: Zuordnung bestätigt
A85: German Assistance Versicherung AG
A86: GHV Darmstadt Anstalt des öffentlichen Rechts | B86: 2202_VEMA | C86: keine Anbindung (VR)
A87: Gothaer | B87: 28.446 | C87: Zuordnung bestätigt _x000D_ _x000D_ _x000D_ Sach
A88: Gothaer | B88: 691-2336 | C88: Zuordnung bestätigt _x000D_ _x000D_ _x000D_ LV
A89: Grundeigentuemer Versicherung VVaG
A90: GVO Gegenseitigkeit Versicherung Oldenburg VVaG | B90: 3638 | C90: Zuordnung bestätigt
A91: Hallesche Private Krankenversicherung | B91: 482367 | C91: nicht zugeordnet _x000D_ KV
A92: Hallesche Private Krankenversicherung | B92: 580678002 | C92: Verbundnummer
A93: Hannoversche Leben | B93: 501588-000 | C93: Zuordnung bestätigt
A94: HanseMerkur Versicherungsgruppe
A95: HDI Global SE
A96: HDI Versicherungen | B96: 202-0002410 | C96: Zuordnung bestätigt _x000D_ _x000D_ Sondernummer für VEMA-Rahmenvertrag etc.
A97: HDI Versicherungen | B97: 203-28322 | C97: spezielle Vermittlernummer notwendig _x000D_ Sach
A98: HDI Versicherungen | B98: 203-44780 | C98: spezielle Vermittlernummer notwendig _x000D_ Sach
A99: HDI Versicherungen | B99: 212-33950 | C99: spezielle Vermittlernummer notwendig _x000D_ Sach
A100: HDI Versicherungen | B100: 212-33951 | C100: spezielle Vermittlernummer notwendig _x000D_ Sach
...

Sheet Invers interne Nr´n
A1: Kurz. | B1: Anbieter | C1: Vermittler-Nr beim Anb.
A2: AAB | B2: Augsburger Aktienbank | C2: 9900133692
A3: ADC | B3: ADCURI | C3: 950094925
A4: ALTSA | B4: Alte Leipziger Sachversicherung | C4: 130656.466 Sach-Nr. 22-2409
A5: AUX | B5: Auxilia | C5: 108980
A6: AXASA | B6: AXA Sachversicherung | C6: 1036008206
A7: BAD | B7: Baden Badener | C7: 76993201
A8: BARKV | B8: Barmenia Versicherungen | C8: 0021/1695
A9: BASSA | B9: Basler Versicherungen | C9: 621-285
A10: BAYSA | B10: Bayerische Sachversicherung | C10: 090124
A11: CCOSA | B11: Concordia Versicherungsgesellschaft a.G. | C11: 55280-055
A12: DEURAG | B12: DEURAG Rechtsschutz AG | C12: 51089
... A39: ZURLV | B39: Zurich Deutscher Herold Lebensversicherung AG | C39: 222963

Sheet Frank Malzahn
A1: Adressenliste und Anmeldungen online
A3: Gesellschaft | B3: Adresse | C3: Telefon/Fax | D3: Verm.-Nr. | E3: Benutzer | F3: Passwort | G3: Internet-Adr.
A5: Apella AG | E5: 36809 | F5: 942876 | G5: www.apella.de
A9: Amex | E9: AX40464 | F9: 101045 | G9: www.amex-online.de
A12: Alte Leipziger AG | B12: Alte Leipziger Platz 1 | D12: 827053.001 Verb. VNR | E12: Malzahn.F | F12: 160568 | G12: www.al-vermittler.de
B13: 61440 Oberursel | D13: 23-9855 Frank Sach
E14: Malzahn.E | F14: 191108
A17: ARAG | B17: ARAG Platz 1 | C17: T 0211 9890 1616 | D17: 565/28214 | G17: www.arag.de
B18: 40472 Düsseldorf | C18: F 0211 963 2850
A20: AXA Versicherung AG | B20: Colonia Allee 10-20 | D20: 80/36/00/0462 Frank | E20: AXA35986 | F20: Katharina1 | G20: www.axa.de
B21: 51067 Köln | D21: 80/36/00/0633 Elke | F21: (auch für sichere Nachrichten)
A24: Baden Badener | D24: 77005410 | E24: 77005410 | F24: g2ihANUHC4 | G24: www.bb-maklerwelt.de.
A30: Bayerische | B30: Thomas-Dehler-Str-. 25 | C30: 0180 1228366 | D30: 6801 581213 Frank | E30: MAK581213-0001 | F30: FrankMal1 | G30: www.bbv.de
B31: 81737 München | D31: 6801 580370 Elke | E31: MAK580370-0001 | F31: FrankMal1
A34: Condor | B34: Admiralitätsstr. 67 | C34: T 040 36139 0 | D34: 78468 | E34: 78468 | F34: Katharina1 | G34: www.condor-versicherungsgruppe.de
B35: 20459 Hamburg | C35: F 040 36139-100 | E35: Anmeldung R+V
A38: Concordia | D38: 55197 | E38: 55197000 | F38: Cordial01 | G38: www.concordia.de
G40: Login allg.
A41: DEURAG | B41: Die Freiheit 14 | C41: T 0561/780061 | D41: 21003 | E41: 21003 | F41: FrankM | G41: www.rs.deurag.de
B42: 34117 Kassel | C42: F 0561 102973 | F42: Benutzer: malzahn | G42: www.deurag.de
F43: Passw.:KatharinaHe1 (31.5.16) | G43: für GDV-Download
E45: 9111984 | F45: bu3c#kH7 | G45: www.deutscherring-kranken-makler.de
A46: Deutscher Ring | B46: Ludwig-Erhard-Str. 22 | C46: T 040 3599-50 | D46: 5315/0001 | E46: Antr.-Bausparen(Begleitz.)
B47: 20459 Hamburg | C47: F 040 3599-5128 | E47: über Apella
D48: Sicherheitsfrage:
A49: easyLogin | C49: 0921 75758 555 | D49: Katharina Heußer | E49: vb027300880 | F49: FrankM | G49: www.easy-login.de
D50: Antw.: 13.06.1962
E51: Benutzername GDV | F51: FrankMal01 (08.01.2018)
A52: ERGO / Victoria | B52: Stresemannstr. 111 | C52: 030 88781- | E52: OM_V173043_MaFr | G52: www.makler-ergo.de
B53: 10963 Berlin | F53: PIN 2412 | G53: www.datenbereitstellung.de
E54: E843589
D55: 135886
A56: Generali | B56: Adenauer Ring 7-11 | C56: 01803 284666 | D56: 156902 | E56: Alias:FrankMal1 | F56: Sommer2018 | G56: www.maklernet.generali.de
B57: 81737 München | D57: für GDV-Daten | E57: G156902A | F57: FrankMal1 | G57: www.generali.de
A59: Gothaer | D59: 28269 | E59: V103059 | F59: Frank12M | G59: www.makler.gothaer.de
C61: Herr Lang
A62: Haftpflichtkasse Darmstadt | B62: Postfach 11 26 | C62: T 06154 601-1356 | D62: 009530-525
B63: 64373 Roßdorf | C63: F 06154/601-2356
A66: HDI | B66: Postfach 101 625 | C66: 0221 144 3001 | D66: 257544 | E66: 257544HDI | F66: AnnettWer18 | G66: www.mymaklernet.de
B67: 50456 Köln | C67: 0221 144 61975 | E67: fzf3nkf8 | F67: 42013
F68: 98527
A69: Ideal Versicherung | E69: 62698 | G69: www.ideal-versicherung.de
A72: Interlloyd | B72: ARAG Platz 1 | C72: 0211 96307 | D72: Frank 798527 | E72: M798527 | F72: FrankMal1 | G72: www.interlloyd.de
B73: 40464 Düsseldorf | D73: Elke 79852706
A76: Interrisk | D76: 7850391 | E76: 7850391-Sach | F76: FrankM05 | G76: www.interrisk.de
E77: 22326-Leben
F79: für Prov. 985278704
A80: Itzehoer | B80: Hansrstr. 10 | C80: 04821 7730 | D80: 8704 | E80: 8704 | F80: AnnettW1
B81: 25521 Itzehoe | D81: GDV per Mail | F81: frank.malzahn@t-online.de
A83: Janitos | C83: T 06221 709 1565 | D83: 94600214 Elke | E83: fmalzahn | F83: 160568 | G83: www.portal.janitos.de
C84: F 6221 709 1562 | D84: 10410028 Frank Apella
A86: Konzept & Marketing | C86: T 0511 640 540 | D86: 32309 | E86: 32309 | F86: FrankMal1 | G86: www.k-m.info
C87: F 0511 640 5444
A89: KS Auxilia | D89: 82/998525 | E89: frank.malzahn@t-online.de | F89: FrankMal1 | G89: www.ks-auxilia.de
F90: SMS Code 514836
A92: Nürnberger | B92: Kapuzinerstraße 9 | C92: 089 544 344-0 | D92: 152/05/3183 | E92: B010699 | F92: Frank + ID | G92: www.nuernberger-portal.de
A93: Versicherungsgruppe | B93: 80337 München
A95: R + V | B95: Raiffeisenplatz 1 | C95: T 01802 7858633 | D95: 406/453657 | E95: ROM07yy | F95: FrankMal1 | G95: www.ruv.de
B96: 65189 Wiesbaden | C96: F 0611533 4500
A97: R+V über Apella | D97: 089097 | E97: rom1diz | F97: FrankMal1 | G97: www.makler.ruv.de
A100: Signal Iduna | B100: Bismarkstr. 101 | C100: T 030 88701-150
A101: Vertriebspartnerservice AG | B101: 10625 Berlin | C101: F 030 88701-148 | D101: 296/3785 | E101: u032747 | F101: Hendrik1 (01.09.2016) | G101: MAKwww.si-vp.de
C102: Tel. Kennw.
C103: 0231-135 7000
A105: Die Stuttgarter | B105: Rothebühlstr. 120 | C105: T 0711 665-0 | D105: 83 570 384 | E105: frank.malzahn | F105: FrankMal01 | G105: https://extranet.stuttgarter.de
B106: 70197 Stuttgart | C106: F 0711 665-1516
B107: MKL LD
A108: Universa | B108: Kurfürstenstr. 130 | C108: T 030 236 33 790 | E108: frank.malzahn@t-online.de | F108: FrankMal1 | G108: www.universa.de
B109: 10785 Berlin | C109: F 0341 236 33 7919
A111: VHV Versicherungen | E111: 102909000 | F111: FrankM + | G111: www.vhv-max.net
E112: 102909001 2. Stick | F112: Secur-ID
A114: Württembergische Vers. | D114: 4800-7480-7 | E114: 01Z38M | F114: AnnettW1 (15.01.2018) | G114: (http://vertriebsportal.wuerttembergische.de
D115: 0808-5580-0
A117: Zürich Gruppe Deutschland | E117: 9162477 | F117: AdrianMal1 | G117: www.zurich.de
A120: Uelzener | D120: 000/29471 | E120: 000/29471 | F120: FrankM1+ | G120: www.uelzener.de
A122: Care Concept - Union Service | F122: http://www.care-concept.de/index.php?vmnr=0024060000&vmmx=3523680
A124: Baden Badener | D124: 77005410 | E124: 77005410 | F124: FrankMal1 | G124: www.bb-maklerwelt.de
A126: Hanse-Merkur
A128: Alte Leipziger BSK (Gothaer) | D128: 600028446

Sheet Tabelle1
