Workbook
Name Z_4076B397_909E_4026_BE11_525A508BFFEA_.wvu.Cols: Einzel!$D:$Y

Sheet RennsteigFinanz
A1: lfd.Nr. A | B1: Benutzername/Maklernummer | C1: Passwort | D1: Sonstiges | E1: Gesellschaft | F1: Schreibweise | G1: lfd.Nr.B | H1: Gesellschaft / Partner | I1: VEMA | J1: RennsteigFINANZ | K1: Reif | L1: Malzahn | M1: Tippmann | N1: Jung DMS | O1: Invers | P1: AMEX Pool
A2: A1 | B2: ZHQ28EM | C2: RFmrt2026AZ. | D2: Zertifikat: af1A1Kpy | E2: Allianz Leben | G2: B1 | H2: Allianz Leben | I2: 40/101/1458 | J2: 40/101/1458
A3: A2 | B3: ZHQ28EM | C3: RFmrt2026AZ. | D3: Zertifikat: rQhwEebr | E3: Allianz Kranken | G3: B2 | H3: Allianz Kranken | I3: 70/585/5190 | J3: 70/585/5190
A4: A3 | B4: ZHQ28EM | C4: RFmrt2026AZ. | D4: Zertifikat: af1A1Kpy | E4: Allianz Sach | G4: B3 | H4: Allianz Sach | I4: 50/206/5317 | J4: 50/112/0119 | K4: 50/112/0119 | L4: 50/206/5317 | M4: 50/206/5317
A5: A4 | B5: Tippmann.V | C5: RF2024Ti | G5: B4 | H5: Alte Leipziger (Leben) | I5: 5317 | J5: 151915001 | K5: 151915001 | L5: 151915002
A6: A5 | B6: Tippmann.V | C6: RF2024Ti | G6: B5 | H6: Alte Leipziger (Sach) | I6: 5317 | J6: 151915001
A7: A6 | B7: Tippmann.V | C7: RF2024Ti | G7: B6 | H7: Alte Leipziger Bauspar AG | I7: 5317 | J7: 151915002
A8: A7 | B8: info@rennsteigfinanz.de | C8: RFmrt2024. | G8: B7 | H8: AMEX | J8: 56988
A9: A8 | G9: B8 | H9: AOK Plus
A10: A9 | B10: 39946 | C10: ApellA2025+ | D10: Postbox VEMA | E10: Apella | G10: B9 | H10: Apella | J10: 39946
A11: A10 | B11: 39946 | C11: RFmrt2026. | D11: 2-Faktor auf info@... | E11: Apella | G11: B10 | H11: Apella | J11: 39946 | K11: 36328
A12: A11 | B12: A246252 | C12: RFmrt2024. | G12: B11 | H12: AXA Leben | I12: 2836005064 | J12: 2836005064 | K12: 2836005164 | L12: 2836005264 | M12: 2836005364
A13: A12 | B13: A246252 | C13: RFmrt2024. | G13: B12 | H13: AXA Sach | I13: 2836005064 | J13: 2836005064 | K13: 2836005164 | L13: 2836005264 | M13: 2836005364
A14: A13 | B14: A246252 | C14: RFmrt2024. | G14: B13 | H14: AXA/DBV Kranken | I14: 2836005064 | J14: 2836005064 | K14: 2836005164 | L14: 2836005264 | M14: 2836005364
A15: A14 | B15: 185903 | D15: easy Login | E15: Baloise Lebensversicherung AG | G15: B14 | H15: Baloise Lebensversicherung AG | I15: 871/4137 | J15: 871/4137
A16: A15 | B16: 185903 | D16: easy Login | E16: Baloise Sachversicherung | G16: B15 | H16: Baloise Sachversicherung AG | I16: 085125
A17: A16 | B17: 185903 | D17: easy Login | E17: Basler Service GmbH | G17: B16 | H17: BSG Baloise Service GmbH | I17: VEMA-5317-00 | K17: VEMA-5317-01 | L17: VEMA-5317-02 | M17: VEMA-5317-03
A18: A17 | B18: B8C2-Tip | C18: Tip_B8C2 | D18: Zertifikat / easy Login | G18: B17 | H18: Canada Life | J18: B8C2
A19: A18 | C19: info@rennsteigfinanz | D19: RF2025cg. | G19: B18 | H19: Carglass | J19: 7048103
A20: A19 | B20: info@rennsteigfinanz.de | C20: dd022ba5-4482-4691-a782-f5907919a4c1 | D20: Con center Schnittstelle zur Datenabholung AMEX | G20: B19 | H20: Con Center
A21: A20 | B21: 38907000 | C21: Kolpin6150 | E21: Kranken/Komposit/Sonsige/BHW-Bausparen | G21: B20 | H21: Concordia | I21: 38907/000 | J21: 38907/000 | K21: 38907/001 | L21: 38907/002 | M21: 38907/003
A22: A21 | B22: RMP0S25 | C22: R+V2024RF | G22: B21 | H22: Condor Sach (nur Altbestand)
A23: A22 | G23: B22 | H23: Continentale Lebensversicherung (Invers) | O23: 7605304
A24: A23 | B24: 5914912039 | C24: GNqHHQDAC58gjhOQVaPPAYzmmkj8mphB | G24: B23 | H24: covomo (BiPRO Datenabholung) | I24: 5914912039
A25: A24 | B25: 5914912039 | C25: RFmrt2024! | D25: VEMA-Sprungziel | G25: B24 | H25: Covomo Vertriebsportal | I25: 5914912039
A26: A25 | C26: RYS1928 | G26: B25 | H26: DATEV | J26: 1568922
A27: A26 | C27: VT24Datev | G27: B26 | H27: DATEV Smart Login
A28: A27 | C28: FM24Datev | G28: B27 | H28: DATEV Smart Login
A29: A28 | B29: 706967 | C29: vcP9MtRCw7Sf61 | D29: Postkorb | G29: B28 | H29: Dialog Lebensversicherung-AG | J29: 706967
A30: A29 | B30: USGRAVXL | C30: Rf2026.dS | G30: B29 | H30: Dialog Versicherung AG (Sach+Proxalto) | I30: 707036 | J30: 707005 | K30: 707054 | L30: 707055 | M30: 707056 | P30: 707058
A31: A30 | B31: 009542-389 | C31: TUQRRTIAED | G31: B30 | H31: Die Haftpflichtkasse Darmstadt | I31: 009542-389 | K31: 009542-667 | L31: 009542-668 | M31: 009542-669
A32: A31 | G32: B31 | H32: DKB
A33: A32 | B33: VEMA5317 | D33: https://office.domcura.de | E33: Domcura AG | G33: B32 | H33: Domcura AG | I33: VEMA5317
A34: A33 | B34: 6643764265 | C34: RFmrT2024!#%2024 | G34: B33 | H34: easy Login | J34: 6643764265
A35: A34 | B35: Administrator | C35: ELO24admin | D35: installer/installeR24 | G35: B34 | H35: ELO
A36: A35 | B36: Tippmann | C36: ELO24VT | G36: B35 | H36: ELO
A37: A36 | B37: Malzahn | C37: ELO24FM | G37: B36 | H37: ELO
A38: A37 | B38: Reif | C38: ELO24TR | G38: B37 | H38: ELO
A39: A38 | B39: Hesselbarth | C39: ELO24FH | G39: B38 | H39: ELO
A40: A39 | G40: B39 | H40: Europa Lebensversicherung (Invers) | O40: 9409649
A41: A40 | B41: V9195255 | C41: RK5SbZ99 | G41: B40 | H41: FFB Frankfurter Fondsbank (Jung DMS)
A42: A41 | B42: RennsteigFinanz | C42: RFZ2024! | E42: Finvoice | G42: B41 | H42: Finvoice
A43: A42 | G43: B42 | H43: Flessabank
A44: A43 | G44: B43 | H44: Flessabank
A45: A44 | B45: 27407 | C45: JDCVTi2024 | D45: Hauptzugang FNZ (3838) | G45: B44 | H45: FNZ (ex ebase) (Jung DMS) | J45: 383828675 | M45: 383827407
A46: A45 | B46: 28676 | C46: RF2025TRe! | D46: Tommy FNZ (3838) | G46: B45 | H46: FNZ (ex ebase) (Jung DMS) | K46: 383828676
A47: A46 | B47: 28675 | C47: RF2025VTi! | D47: Volker FNZ (3838) | G47: B46 | H47: FNZ (ex ebase) (Jung DMS) | M47: 383828675
A48: A47 | B48: 27440 | C48: RF2025FMa! | D48: Frank M. FNZ (3838) | G48: B47 | H48: FNZ (ex ebase) (Jung DMS) | L48: 383827440
A49: A48 | B49: 98184 | C49: Volk&Fran24 | G49: B48 | H49: Fondskonzept AG
A50: A49 | C50: Go2025mrt! | D50: SecureMail FrankMalzahn | G50: B49 | H50: Gothaer
A51: A50 | D51: easy login | G51: B50 | H51: Hallesche KV (Alte Leipziger) | I51: 5317 | J51: 151915001 | K51: 68422 | L51: 911175 | M51: 985118
A52: A51 | C52: 3h#Pk4r2j4.w | D52: TGIC-Zertifikat / easy login | G52: B51 | H52: Hanse Merkur | I52: 275/4862298 | J52: 275/4862298
A53: A52 | D53: easy login | G53: B52 | H53: HanseMerkur Kranken | I53: 275/4862298 | J53: 275/4862298
A54: A53 | D54: easy login | G54: B53 | H54: HanseMerkur Reise | I54: 275/4862298 | J54: 275/4862298
A55: A54 | B55: qz7pewui | C55: HDI2025-RF.mrt | G55: B54 | H55: HDI Lebensversicherung | I55: 771146 | J55: 771146 | K55: 771148 | L55: 771146 | M55: 771150
A56: A55 | G56: B55 | H56: HDI Sachversicherung | I56: 771147 | J56: 771147 | K56: 771149 | L56: 771147 | M56: 771154
A57: A56 | G57: B56 | H57: HDI Sachversicherung (VEMA) | K57: 2030104935 | L57: 2030104934 | M57: 2030104936
A58: A57 | B58: info@rennsteigfinanz.de | C58: RF2025.VEMA | D58: (3891 Anbindungsnummer) | G58: B57 | H58: Herzenssache | I58: 5317 | J58: 3891
A59: A58 | B59: 64936 | C59: FrankVEMA24 | E59: Ideal Sachversicherung | G59: B58 | H59: Ideal | I59: 64936 | J59: 64936
A60: A59 | B60: user /Sekretaer | C60: user /SekretaeR24 | G60: B59 | H60: Innendienst / Sekretär
A61: A60 | G61: B60 | H61: Interlloyd | I61: 79852709
A62: A61 | B62: 7704731 | C62: fzfsruj | G62: B61 | H62: INVERS GmbH | J62: 7704731 | K62: 7704731-01 | L62: 7704731-03 | M62: 7704731-02
A63: A62 | B63: 123338001 | C63: Naumannstr.3 (siehe Notiz) | E63: Itzehoer | G63: B62 | H63: Itzehoer | I63: 123338001 | K63: 123587001 | L63: 123588001 | M63: 123586001
A64: A63 | B64: 27407 | C64: Volk&Fran24 | G64: B63 | H64: Jung DMS | J64: 27407 | K64: 28676 | L64: 27440 | M64: 28675
A65: A64 | B65: 27407 | C65: JDCVTi2024 | G65: B64 | H65: Jung DMS | J65: 27407
A66: A65 | B66: 27440 | C66: RF2025FMa! | G66: B65 | H66: Jung DMS | L66: 27440
A67: A66 | B67: 28676 | C67: RF2025TRe! | G67: B66 | H67: Jung DMS | K67: 28676
A68: A67 | B68: 28675 | C68: RF2025VTi! | G68: B67 | H68: Jung DMS | M68: 28675
A69: A68 | B69: VolkerTippmnann | C69: 98544 | G69: B68 | H69: Kassensuche GmbH (Makleraktiv) | J69: 2356
A70: A69 | B70: RMP0S25 | C70: R+V2024RF | G70: B69 | H70: Kravag | J70: 197873
A71: A70 | B71: RF2025 | C71: ME2025RF. | G71: B70 | H71: Maklerexperten (PKV-Optimierung) | J71: 141963
A72: A71 | G72: B71 | H72: Mannheimer (Invers) | O72: 89735
A73: A72 | B73: info@rennsteigfinanz.de | G73: B72 | H73: Markel | I73: 52623738 | J73: 52623738
A74: A73 | G74: B73 | H74: MMV (Kravag) | J74: 240789
A75: A74 | B75: Jung | C75: 27407 | D75: RF2025FH$ | G75: B74 | H75: Morgenfund (Jung, DMS & Cie.)
A76: A75 | B76: HKVTippmann | C76: mLI884627 | D76: www.honorarkonzept.de | G76: B75 | H76: myLife (Honorarkonzept - Jung, DMS & Cie.) | J76: 121376 | N76: (121376)
A77: A76 | G77: B76 | H77: Neodigital | I77: 500260327
A78: A77 | D78: Zertifikat / easy Login | E78: Nürnberger | G78: B77 | H78: Nürnberger Lebensversicherung | I78: 153053545 | J78: 153053545 | K78: 153052501 | L78: 153052502 | M78: 153052503
A79: A78 | G79: B78 | H79: Nürnberger Versicherung
A80: A79 | B80: info@rennsteigfinanz.de | C80: RFmrt2026. | G80: B79 | H80: OCC ( über Amex) | I80: 40096
A81: A80 | G81: B80 | H81: Ostangler | I81: 2500471
A82: A81 | G82: B81 | H82: Prisma Life/Cadea Life | J82: 8800706
A83: A82 | G83: B82 | H83: Prisma Life/Cadea Life
A84: A83 | G84: B83 | H84: Prisma Life/Cadea Life
A85: A84 | B85: rfpro24 | C85: RF2025Pro! | G85: B84 | H85: Procheck24 | J85: 920472
A86: A85 | G86: B85 | H86: R+V Versicherung Leben
A87: A86 | B87: RMP0S25 | C87: R+V2024RF | G87: B86 | H87: R+V Versicherung Sach | I87: 5317_VEMA | J87: 197873
A88: A87 | G88: B87 | H88: Signal Gruppe
A89: A88 | B89: U165001 | C89: THR123RF | G89: B88 | H89: Signal Iduna | I89: 6134048
A90: A89 | G90: B89 | H90: Skandia Lebensversicherung (Invers)
A91: A90 | G91: B90 | H91: SportVers GmbH | J91: 124
A92: A91 | B92: volker_tippmann1 | C92: RF2024Starpool! | D92: 2-Faktor-Mail | G92: B91 | H92: Starpool
A93: A92 | B93: frank_hesselbarth | C93: FH2024Starpool$ | D93: 2-Faktor-Mail | G93: B92 | H93: Starpool
A94: A93 | B94: frank_malzahn | C94: FM2024Starpool$ | D94: 2-Faktor-Mail | G94: B93 | H94: Starpool
A95: A94 | B95: RennsteigF | C95: Ex387381291 | G95: B94 | H95: Stuttgarter | I95: 7200117077 | J95: 7200117077
A96: A95 | G96: B95 | H96: SV SparkassenVersicherung AG / ÖRAG | I96: M000867 | J96: M004714
A97: A96 | G97: B96 | H97: Techniker Krankenkasse | J97: T0505860G9
A98: A97 | B98: 6643764265 | C98: -2B6b,kw2je5 | G98: B97 | H98: TGIC(GDV)
A99: A98 | B99: J_Glahn | C99: RFmrT2024!#%2024 | E99: VEMA | G99: B98 | H99: VEMA | I99: 5317
A100: A99 | B100: rf-backoffice | C100: RFB_2025Vema. | E100: VEMA | G100: B99 | H100: VEMA | I100: 5317
...

Sheet Favoriten
A1: Gesellschaften | B1: Werner | C1: Volker | D1: Hans Jürgen | E1: Frank M. | F1: Frank H. | G1: Tommy | H1: Abrechnungen
A2: Aachener Bausparkasse | C2: x | E2: x
A3: abc-teleconsult
A4: ACE European Group Limited Direktion für Deutschland
A5: AdvoCard (Generali)
A6: Allianz Sach | B6: x | C6: x | D6: x | E6: x | G6: x
A7: Deutsche Lebensversicherung AG (Allianz) | B7: x | E7: x
A8: Allianz Leben | B8: x | C8: x | D8: x | E8: x | F8: X
A9: Allianz Kranken | B9: x
A10: Alte Leipziger Sach und Leben | B10: x | C10: x | E10: x | G10: x
A11: Alte Leipziger Bauspar AG | C11: x | E11: x | G11: x
A12: Ammerländer | B12: x | E12: x | G12: x
A13: Amex | E13: (X)
A14: AOK Plus | B14: x | C14: x | G14: x
A15: ARAG Versicherungen | C15: x | G15: x
A16: ARAG Krankenversicherungen
A17: ARAG Rectsschutzversicherung | B17: x | C17: x | D17: x
A18: ASC
A19: Apella | E19: (x)
A20: HDI (Aspecta)
A21: AUXILIA Rechtsschutz-Versicherungs AG | B21: x | C21: x | E21: x | G21: x
A22: AAB Augsburger Aktienbank (Invers)
A23: AXA/DBV Kranken | B23: x | C23: x | D23: x | E23: xx
A24: Baden-Badener | C24: x | G24: x | H24: Zurich
A25: Barmenia | B25: x | C25: x | D25: x
A26: Adcuri | B26: x | C26: x | G26: x
A27: Basler (Sach) | B27: x | C27: x | D27: x | G27: x
A28: Basler Lebensversicherung AG | B28: x
A29: Basler Service GmbH | B29: x | C29: x | D29: x | E29: x
A30: BKM Bausparkasse Mainz | C30: x | G30: x
A31: BCA
A32: die Bayerische (ex BBV) | B32: x | C32: x | E32: x | G32: x
A33: BHW (Invers) | C33: x
A34: Brandgilde Versicherung | B34: x | D34: x
A35: Canada Life | B35: x | C35: x | D35: x | G35: x
A36: carglass | B36: x | C36: x | G36: x
A37: Care Concept | C37: x | D37: x | E37: x
A38: Concordia | B38: x | C38: x | D38: x | G38: x
A39: Condor Klass. LV/BU / Optima
A40: Condor Leben (FLV) / Optima | D40: x | E40: x | F40: X
A41: Condor Sach (nur Altbestand) | E41: x | G41: x
A42: Continentale
A43: covomo | C43: x | G43: x
A44: CSS
A45: DEGENIA | B45: x | G45: x
A46: Delta Direkt | B46: x | C46: x
A47: Athene (Delta Lloyd)
A48: Der Sachpool
A49: DEMA Deutsche Versicherungsmakler
A50: Deurag | C50: x | G50: x
A51: Deurag Maklerverein
A52: Deutscher Ring Kranken | B52: x | D52: x | G52: x
A53: Deutscher Ring Bausparkasse | C53: x | E53: x | G53: x
A54: Dialog | B54: x | E54: x
A55: Die Hinterbliebenenkasse HDH | B55: x | C55: x | D55: x | G55: x
A56: VERTI (ex Direct Line) | B56: x | G56: x
A57: DKB | B57: x | F57: X | G57: x
A58: DMB Rechtsschutz | B58: x | D58: x | G58: x
A59: Domcura AG | E59: x | G59: x
A60: ebase | E60: x | F60: X
A61: Ergo (ab 01.04.14 für Ergo, Ergo-L, DKV, DAS und Victoria)
A62: Ergo / DKV | B62: x | G62: x
A63: Ergo Direkt
A64: ERV AG
A65: Europ Assistance Versicherungs-AG | B65: x
A66: Europa (über Continentale)
A67: Fondskonzept AG | C67: x | F67: X
A68: Fortuna
A69: FdB Fondsdepot Bank (Jung DMS)
A70: Franke & Bornberg | B70: x | C70: x | D70: x
A71: FFB Frankfurter Fondsbank (Jung DMS) | E71: x | F71: X
A72: GAMAX/JDC
A73: GDV
A74: Generali | B74: x | C74: x | D74: x | G74: x
A75: Generali Heilwesen
A76: Generali Mitarbeiter Kfz
A77: Gothaer Leben
A78: Gothaer Sach | B78: x | E78: x
A79: Gothaer Krankenversicherung | B79: x | E79: x
A80: GVO Gegenseitigkeit Versicherung Oldenburg | B80: x | D80: x
A81: Haftpflichtkasse Darmstadt | B81: x | C81: x | D81: x | E81: x | G81: x
A82: Hallesche KV | B82: x | G82: x
A83: Hallesche KV, Verbund-Nr. Alte Leipziger | E83: x
A84: Hannoverische Leben | B84: x | E84: x
A85: Hanse Merkur | B85: x | C85: x | D85: x | E85: x | G85: x
A86: HanseMerkur Kranken | B86: x | C86: x | D86: x | E86: x
A87: HanseMerkur Reise | B87: x | D87: x | E87: x
A88: Bayerische Hausbesitzer Versicherung
A89: HDI Firmen und Privat – Allgemein | B89: x
A90: HDI Leben | B90: x | C90: x | D90: x | G90: x
A91: HDI Sach | B91: x
A92: HDH Hinterbliebenenkasse der Heilberufe VVaG | B92: x | C92: x
A93: HEK Hanseatische Krankenkasse | B93: x | G93: x
A94: Helvetia | B94: x | C94: x | E94: x | F94: X | G94: x
A95: Hübener | B95: x | E95: x
A96: Ideal | B96: x | D96: x | E96: x | G96: x
A97: Ideenwerk | E97: x
A98: Inter
A99: Interlloyd | B99: x | C99: x | G99: x
A100: InterRisk LV | G100: x
...

Sheet Tools
A1: Firma | B1: Name | C1: Registrierungspaßwort | D1: Benutzername | E1: Paßwort | F1: Sonstiges | G1: Web-Zugang | H1: Ansprechpartner
A2: Zurich | B2: Beratungsnavigator | C2: Navigator3.0 | D2: werner.petri@meinberaterhaus.de | E2: Wer57fra$ | G2: www.mach-plus-mit-protection.de | H2: Zurich, Herr Patrick Wiertz, 0228 / 268 25 23 / patrick.wiertz@zurich.com
A3: BKM Bausparkasse Mainz | B3: KIS | D3: 9900056806314 | E3: 2FifpLSg | F3: Zertifikat | G3: https://kunden.bkm.de/cas/login? | H3: Herr Schäfer
A4: VHV | B4: MAXX-Net
A5: VHV | B5: VHV-Tarife
A6: Concordia | B6: COPRA
A7: Easy Login (Web) | B7: Easy-Versicherungsportale-Login | D7: EL11827 | E7: wer57fra | F7: Token | G7: www.easy-login.de
A8: Easy Login | B8: Easy-Client | D8: EL11827 | E8: wer57fra | F8: Token
A9: ELBE (Online) SdV | B9: ELBE | D9: 205703 | E9: kugecufa891 | G9: https://www.plan25.de/login.elbe
A10: Franke & Bornberg | B10: fb-beraterwelt (ex fb-xpert) | D10: petri | E10: vowe2014
A11: HDI | B11: Firmen Digital | G11: https://www.hdi.de/apps
A12: Ideenwerk
A13: Interrisk
A14: Kassensuche GmbH | B14: gesetzlichkrankenkassen.de | D14: WernerPetri | E14: 98527 | F14: 2356 | G14: www.makleraktiv.de
A15: R+V | B15: R+V Connect | D15: rom0s2s | E15: Wer57fra
A16: DATEV
A17: Versicherungsmarkt | B17: VM-Connect
A18: BCA | B18: BusinessPlus
A19: Procheck24 | D19: petri | E19: sonne
A20: Rhion
A21: Invers | B21: IMA
A22: Inveda | B22: IMA-Sync
A23: ASC | B23: ASC-Easy
A24: NAFI | B24: NAFI-Web
A25: SEB | B25: SEB-App | D25: BeraterHaus | E25: F31309H11
A26: Inveda | B26: IMA | D26: verwaltung@beraterhaus | E26: wer57fra
A27: SdV | B27: Schutzvereinigung der Vermittler | D27: SDV-20.902 | E27: 5GJBBp | G27: https://sdv-online.de/
A28: BauFinex | B28: Finanzierungsplattform | D28: volker-tippmann-7961 | E28: Dbhisjs61& | G28: https://www.baufinex.de/marktplatz/
A29: Starpool | B29: Finanzierungsplattform | D29: volker_tippmann | E29: Starpool$1 | G29: www.starpool.de
A30: Dr. Klein (Kreher) | B30: Finanzierungsplattform | E30: MBH2020! | G30: http://cloud.drklein.de/index.php/s/XN2J4YLngxiEXGY
A31: MSC Fondskonzept | B31: Investmentplattform
A32: Google-Kalender | B32: Web-Browser / Google / Kalenender | D32: dasberaterhaus@gmail.com | E32: Berater&Co. | G32: https://calendar.google.com/calendar/u/0/r/week
A34: BeraterHaus INTERN
A35: VEMA | B35: Paßwortverwaltung Makler-Extranets
A36: Fritz!Box | B36: Benutzer | D36: Volker | E36: persönlich erfragen
D37: Alex | E37: persönlich erfragen
A38: Server | B38: Zentrale | D38: buerO24 | E38: persönlich erfragen
A39: PC-Netzwerk | B39: Innendienst 1 | E39: buero2009
B40: Innendienst 2 | E40: buero2009
B41: Innendienst 3 | E41: buero2009
B42: Volker Tippmann | D42: tippmanN24 | E42: persönlich erfragen
B43: Frank Hesselbart | D43: hesselbartH24 | E43: persönlich erfragen
B44: Tommy Reif | D44: reiF24 | E44: persönlich erfragen
A54: Institut für Vorsorge und Finazplanung | G54: https://portal.vorsorge-finanzplanung.de
B55: Werner Petri | D55: werner.petri@meinberaterhaus.de | E55: Wer57fra#

Sheet ex BH PW
A1: lfd.Nr. A | B1: Benutzername/Maklernummer | C1: Passwort | D1: Sonstiges | E1: Gesellschaft | F1: Schreibweise | G1: lfd.Nr.B | H1: Gesellschaft / Partner | I1: VEMA | J1: BeraterHaus | K1: ASC | L1: Invers | M1: Jung DMS | N1: maxpool | O1: AMEX | P1: Petri | Q1: Tippmann | R1: Röder | S1: Hesselbarth | T1: Furch | U1: Hartkopf | V1: Hildebrandt | W1: Hollatz | X1: Hopf | Y1: Kramer | Z1: Schellhorn | AA1: Lins | AB1: Littig | AC1: Lobe | AD1: Scharlach | AE1: Weißkopf | AF1: Schumacher | AG1: Autohaus Hüther | AH1: Motorrad Henkel | AI1: Reif | AJ1: Malzahn
A2: A1 | B2: 900426758302016 | C2: wer57fra | E2: AAB Augsburger Aktienbank | G2: B1 | H2: AAB Augsburger Aktienbank (Invers)
A3: A2 | E3: Aachener Bausparkasse | G3: B2 | H3: Aachener Bausparkasse | J3: 100015718 | AI3: Kroschwald / Invers
A4: A3 | E4: abc-teleconsult | G4: B3 | H4: abc-teleconsult | AI4: 20052
A5: A4 | E5: ACE European Group Limited Direktion für Deutschland | G5: B4 | H5: ACE European Group Limited Direktion für Deutschland | I5: 2202_VEMA | AI5: 71518
A6: A5 | B6: 950086739 | C6: wer57fra | E6: Adcuri | G6: B5 | H6: Adcuri | I6: 950212022 | J6: 950086739
A7: A6 | B7: 950094925 | C7: 7305ba3d | E7: Adcuri | G7: B6 | H7: Adcuri (Invers) | L7: 950094925
A8: A7 | B8: 950212022 | C8: BHSidJS61 | E8: Adcuri | G8: B7 | H8: Adcuri (VEMA) | I8: 950212022 | J8: 950205963 alt
A9: A8 | B9: info@suhlfinanz.de | C9: wer57fra | E9: CSS | G9: B8 | H9: Advigon (ex CSS 80002841) | I9: 3780145 | J9: 3780145
A10: A9 | E10: AdvoCard (Generali) | G10: B9 | H10: AdvoCard (Dialog) | I10: 106151 | J10: 70/5523/00122700 | P10: 590/5509
A11: A10 | B11: berat1pt | C11: ISdBH61Jstr | D11: Maklerportal | E11: AIG (ex WÜBA) | F11: 90017016989 | G11: B10 | H11: AIG Europe Limited (Marke WüBa) | I11: 16603000 | J11: 16603000
A12: A11 | B12: info@meinberaterhaus.de | C12: Wer57fra# | D12: www.aigportal.de/hydra/#!/aig | E12: AIG Europe Limited (ex WÜBA)Angebot/Post | F12: 90017016989 | G12: B11 | H12: AIG Europe Limited (Marke WüBa) | I12: 16603000 | J12: 16603000
A13: A12 | E13: Allianz Leben | G13: B12 | H13: Allianz Leben | I13: 50/110/2650 | J13: 50/110/2650 | AF13: 72020435
A14: A13 | E14: Allianz Kranken | G14: B13 | H14: Allianz Kranken | I14: 705850637 | J14: 70/585/0637 | AF14: 72020435
A15: A14 | B15: GMAFXMX | C15: wer57fra | D15: über Zertifikat | E15: Allianz Sach | G15: B14 | H15: Allianz Sach | I15: 502062202 | J15: 50/110/1334 | AF15: 501100675 | AI15: 50/100/1003
A16: A15 | E16: Alte Leipziger Bauspar AG | G16: B15 | H16: Alte Leipziger Bauspar AG | J16: 5124 | AI16: 7170 | AJ16: 600028446
A17: A16 | B17: petri.w | C17: wer57fra | E17: Alte Leipziger | G17: B16 | H17: Alte Leipziger (Sach und Leben) | I17: 580678002 | J17: 580678001
A18: A17 | B18: info@meinberaterhaus.de | C18: Dbhisjs61* | E18: AMEX | G18: B17 | H18: Amex | J18: 55956 | AI18: 48794
A19: A18 | B19: info@meinberaterhaus.de | C19: Dbhisjstr61+ | E19: Ammerländer | F19: 1007096041001 | G19: B18 | H19: Ammerländer | I19: 24600 | J19: 24600
A20: A19 | B20: info@meinberaterhaus.de | C20: Dbhisjstr61+ | D20: VEMA | E20: Ammerländer | G20: B19 | H20: Ammerländer | I20: 24600
A21: A20 | B21: LM20000196 | C21: Dbhisjs61# | D21: https://www.aok.de/vp | E21: AOK Plus | G21: B20 | H21: AOK Plus | J21: LM20000196
A22: A21 | B22: 05065 | C22: 406324 | E22: Apella | G22: B21 | H22: Apella | J22: 05065 | AI22: 36328
A23: A22 | B23: 36328 | C23: Tommy22+ | E23: Apella | G23: B22 | H23: Apella
A24: A23 | B24: MP02723 | C24: Dbhsjs62 | E24: ARAG Krankenversicherungen | F24: 0000100628121 | G24: B23 | H24: ARAG Krankenversicherungen | I24: 60344 | J24: 643/060344
A25: A24 | B25: MP02723 | C25: Dbhsjs62 | E25: ARAG Rectsschutzversicherung | F25: 11005918075931 | G25: B24 | H25: ARAG Rechtsschutzversicherung | I25: AA2481-3 | J25: 643/AA2481-3 | L25: 7975101
A26: A25 | B26: MP02723 | C26: Dbhsjs62 | D26: https://www.arag-partnervertrieb.de/ | E26: ARAG | F26: 97733195 | G26: B25 | H26: ARAG Versicherungen | I26: AA2481-3 | J26: 643/AA2481-3
A27: A26 | B27: 89299 | C27: pacco2006 | E27: ASC | G27: B26 | H27: ASC | J27: 89299 | AI27: 71518
A28: A27 | B28: 4187038 | C28: Mein703? | E28: DeltaLloyd | G28: B27 | H28: Athora (alt Athene ;Delta Lloyd) | J28: 4187038 | AI28: 3958752
A29: A28 | B29: info@meinberaterhaus.de | C29: Wer57fra | E29: AUXILIA Rechtsschutz-Versicherungs AG | G29: B28 | H29: AUXILIA Rechtsschutz-Versicherungs AG | I29: 107175 | J29: 107175 | L29: 108980 | T29: 112366 | AI29: 107351
A30: A29 | E30: AXA (Innendienst) Kfz | G30: B29 | H30: AXA (Innendienst) Kfz | P30: 10/48/00/1783 | Q30: 10/48/00/1778
A31: A30 | E31: AXA Leben | G31: B30 | H31: AXA Leben | I31: 1035006249 | J31: 10/35/00/6249
A32: A31 | E32: AXA Leben (alt DBV-Leben) | G32: B31 | H32: AXA Leben (alt DBV-Leben) | J32: 10/36/00/2754
A33: A32 | B33: AXA30940 | C33: Dahlie13 | E33: AXA Sach | G33: B32 | H33: AXA Sach | I33: 1048000805, 1048001741, 1048001767, 1048001772, | J33: 10/48/00/0805 | O33: 11/48/00/8586 | P33: 10/48/00/1767 | Q33: 10/48/00/1741 | R33: 10/48/00/1772 | V33: 10/48/00/1791 | W33: 10/48/00/1296 | Y33: 10/48/00/1268 | Z33: 10/48/00/1674 | AA33: 10/48/00/1743 | AB33: 10/48/00/1190 | AI33: 10/48/00/3645
A34: A33 | E34: AXA Sach (Rahmenvertrag Kfz) | G34: B33 | H34: AXA Sach (Rahmenvertrag Kfz) | J34: 130040363
A35: A34 | E35: AXA Sach (Rahmenvertrag Sach) | G35: B34 | H35: AXA Sach (Rahmenvertrag Sach) | I35: 006548 | J35: 003816
A36: A35 | E36: AXA/DBV Kranken | G36: B35 | H36: AXA/DBV Kranken | I36: 5707000805 | J36: 5707000805 | AF36: 5707000376
A37: A36 | B37: 782644 | C37: uWybH3v6Ys | D37: über fbs / Zurich | E37: Zurich Sach / fbs (ex Baden-Badener) | G37: B36 | H37: Zurich Sach / fbs (ex Baden-Badener) | J37: 782644 | L37: 76993201
A38: A37 | B38: wer57fra | C38: d7ad19f6 | E38: Barmenia | G38: B37 | H38: Barmenia | I38: 0073/2556 | J38: 0073/2556 | L38: 0021/1695
A39: A38 | B39: 600688 | C39: !dBhiSjstr61! | D39: https://partner.basler-mietkaution.de/Account/LogOn?ReturnUrl=%2f | G39: B38 | H39: Baloise - Mietkaution | J39: 600688
A40: A39 | B40: info@meinberaterhaus.de | C40: ISdBH2020? | D40: www.basler-vertriebsservice.de | E40: Basler | G40: B39 | H40: Baloise Sachversicherung AG | I40: 082225 | J40: 600688
A41: A40 | B41: info@meinberaterhaus.de | C41: ISdBH2020? | D41: www.basler-vertriebsservice.de | E41: Basler Lebensversicherung AG | F41: 00000000002603342 | G41: B40 | H41: Baloise Lebensversicherung AG | I41: 871/0929 | J41: 871/0929
A42: A41 | B42: VEMA-2202-00 | C42: Wer57fra | D42: https://vema.basler-service.de | E42: Basler Service GmbH | G42: B41 | H42: BSG Baloise Service GmbH | I42: 2202-00
A43: A42 | B43: volker-tippmann-7961 | C43: Dbhisjs61& | D43: https://www.baufinex.de/marktplatz/ | E43: Baufinex | G43: B42 | H43: BauFinex
A44: A43 | B44: agt6255 | C44: BHiSJstr61+ | D44: https://maklerportal.bhvg.de | E44: Bayerische Hausbesitzer Versicherung | G44: B43 | H44: Bayerische Hausbesitzer Versicherung | I44: 6255 | J44: 6255
A45: A44 | B45: 3350099999 | C45: wer57fra | E45: BCA | G45: B44 | H45: BCA | I45: 33500 | J45: 33500 | AI45: 39646
A46: A45 | D46: www.bhw-partner.de | E46: BHW | G46: B45 | H46: BHW (Invers) | L46: 02431917357 | AI46: 20737185470.4 (0912/154224.6 (alt))
A47: A46 | B47: 9900056806314 | C47: Mainz02.2019 | D47: https://vpotal.bkm.de | E47: BKM Bausparkasse Mainz | G47: B46 | H47: BKM Bausparkasse Mainz | J47: 568063
A48: A47 | B48: 84356 | C48: EBqdh2#Z | D48: www.brandgilde-versicherungskontor.de | E48: Brandgilde | G48: B47 | H48: Brandgilde Versicherung | J48: 14356
A49: A48 | B49: A5G6-Pet | C49: beraterhaus1 | D49: Sicherheitsabfrage: Mädchenname Mutter: Wolf | E49: Canada Life | G49: B48 | H49: Canada Life | I49: A5G6 | J49: A5G6 | AI49: 4181
A50: A49 | E50: Care Concept | G50: B49 | H50: Care Concept | J50: 000 20 50000
A51: A50 | B51: info@meinberaterhaus.de | C51: DBHiSJstr61+ | D51: www.carglass4partners.de (Service-Nr. 3655829222) | E51: carglass | G51: B50 | H51: carglass | J51: 3655829222
A52: A51 | B52: 300225 | C52: wer57fra | E52: Concenter | G52: B51 | H52: Concenter
A53: A52 | B53: 1193 | C53: bronko | E53: Conceptif | G53: B52 | H53: Conceptif
A54: A53 | B54: 25111000 | C54: Wer57fra | D54: xnet\25111000 | E54: Concordia | G54: B53 | H54: Concordia | I54: 25111000 | J54: 25111000 | L54: 55280055 | AI54: 55110
A55: A54 | B55: rom0s2s | C55: Wer57fra | E55: Condor Klass. LV/BU / Optima | G55: B54 | H55: Condor Klass. LV/BU / Optima | I55: 14855, (806252 alt) | J55: 806252
A56: A55 | B56: rom0s2s | C56: Wer57fra | E56: Condor Leben (FLV) / Optima | G56: B55 | H56: Condor Leben (FLV) / Optima | I56: 14855, (806252 alt) | J56: 58/14855
A57: A56 | B57: rom0s2s | C57: Berater22 | E57: Condor Sach (nur Altbestand) | G57: B56 | H57: Condor Sach (nur Altbestand) | J57: 58/14855
A58: A57 | E58: Continentale / Europa | F58: 191970181 | G58: B57 | H58: Continentale | J58: 6100401
A59: A58 | B59: 49237783 | C59: berater17 | D59: https://portal.covomo.de/ | E59: Covomo | G59: B58 | H59: covomo | J59: 49237783
A60: A59 | B60: 782644 | C60: Wer57fra | D60: https://www.fbs-partner.de/check-in/ | E60: fbs (ex DA direkt; Zurich) | G60: B59 | H60: DA direkt (fbs-Portal) | J60: 782644
A61: A60 | B61: 00106876 | C61: vowe2014 | E61: Degenia | G61: B60 | H61: DEGENIA | J61: 00106876
A62: A61 | B62: info@meinberaterhaus.de | C62: Meinberater2020! | G62: B61 | H62: DELA Lebensversicherung AG | I62: 40199 | J62: 40199
A63: A62 | E63: Delta Direkt | G63: B62 | H63: Delta Direkt | J63: 23226630
A64: A63 | B64: petri | C64: xDjcn6pH | E64: DEMA Deutsche Versicherungsmakler | G64: B63 | H64: DEMA Deutsche Versicherungsmakler
A65: A64 | E65: Der Sachpool | G65: B64 | H65: Der Sachpool | AI65: 20124-26
A66: A65 | B66: 47502 | C66: wer57fra | E66: Deurag | G66: B65 | H66: Deurag | I66: 47502 | J66: 47502 | L66: 51089 | AF66: 42992 | AI66: 52516R
A67: A66 | E67: DLVAG (Deutsche Lebensversicherung AG / Allianz) | G67: B66 | H67: Deutsche Lebensversicherung AG (Allianz) | J67: 70/2020418
A68: A67 | E68: Start Bausparkasse (ex Deutscher Ring Bausparkasse) | G68: B67 | H68: Start Bausparkasse (ex Deutscher Ring Bausparkasse) | AI68: 998-1847
A69: A68 | B69: U061971 | C69: Winter16 | E69: Deutscher Ring KV | G69: B68 | H69: Deutscher Ring Kranken | I69: 8656194 | J69: 8656194
B70: wer57fra | C70: DBHiSJstr61 | H70: Dialog Sach | I70: 106151 | J70: 122700
A71: A69 | B71: wer57fra | C71: DBHiSJstr61 | E71: Dialog | G71: B69 | H71: Dialog Leben | I71: 480203 | J71: 48/0203
A72: A101 | B72: wer57fra | C72: Dbhisjs61 | D72: Abrechnung I76H358 PW: werner11 | E72: Generali | G72: B101 | H72: Dialog (Altbestand GENERAI) | I72: 106151 | J72: 122700 | O72: 205585 | P72: 103677, 293181 | Q72: 103680 | R72: 103681 | V72: 103682 | W72: alt 186604 | Y72: 198529 | Z72: alt 198653 | AA72: alt 205583 | AF72: alt 115534 | AI72: alt 571720 (600/1679 alt)
A73: A102 | E73: Generali Heilwesen | G73: B102 | H73: Dialog Heilwesen | J73: 785946 | Z73: alt 806063
A74: A103 | E74: Generali Mitarbeiter Kfz | G74: B103 | H74: Dialog Mitarbeiter Kfz | J74: 156902 | P74: 103679 | Q74: 103959
A75: A70 | B75: MAK095910-0001 | C75: wer57fra | D75: http://www.diebayerische-makler.de ODER https://www.bbv.de/Portal | E75: die Bayersiche | G75: B70 | H75: die Bayerische (Vema) | I75: 095910
A76: A71 | B76: MAK940862-0001 | C76: o15gL68w | E76: die Bayersiche | G76: B71 | H76: die Bayerische | I76: 095910 | J76: 940862 | L76: 002992 / 95022 (Patronus) | AF76: 940341 | AI76: 942053
A77: A72 | B77: beraterhaus | C77: wer57fra | D77: www.sterbegeld-hdh.de | E77: Die Hinterbliebenenkasse HDH | G77: B72 | H77: Die Hinterbliebenenkasse HDH | I77: 1700999 | J77: 1700999
A78: A73 | E78: DKB | G78: B73 | H78: DKB | J78: 21 122 | AI78: 23954
A79: A74 | C79: Anmeldung über VEMA Sprungbrett | E79: DMB Rechtsschutz | G79: B74 | H79: DMB Rechtsschutz | I79: 9458 | AI79: 6650
A80: A75 | B80: VEMA2202 | C80: signal | D80: https://office.domcura.de | E80: Domcura AG | G80: B75 | H80: Domcura AG | I80: VEMA2202 | O80: 29491
A81: A76 | C81: MBH2020! | D81: http://cloud.drklein.de/index.php/s/XN2J4YLngxiEXGY | E81: Dr. Klein (Kreher) | G81: B76 | H81: Dr. Klein (Kreher)
A82: A77 | B82: 16283 | C82: wer57fra | D82: 3838 | E82: ebase BH-JDC | G82: B77 | H82: ebase (Jung DMS) | J82: 383816283
A83: A78 | B83: 7993201 | C83: wer57fra | D83: 3733 | E83: ebase BH-Invers | G83: B78 | H83: ebase (Jung DMS) | J83: 37337993201
A84: A79 | B84: hesself | C84: hubert57 | D84: 3838 | E84: ebase Frank-JDC | G84: B79 | H84: ebase (Jung DMS) | J84: 383816284
A85: A80 | B85: petriw | C85: wer57fra | D85: 3838 | E85: ebase Werner-JDC | G85: B80 | H85: ebase (Jung DMS) | J85: 383816286
A86: A81 | B86: 383818408 | C86: TOREI123 | D86: 3838 | E86: ebaseTommy-JDC | G86: B81 | H86: ebase (Jung DMS) | J86: 383818408
A87: A82 | B87: E878895 | C87: Berater2 | D87: https://makler.ergo.de/de-DE/Login/easy%20Login.aspx | E87: Ergo | G87: B82 | H87: Ergo
A88: A83 | B88: E922841 | C88: Berater2 | D88: PIN 98527 | E88: Ergo (ab 01.04.14 für Ergo, Ergo-L, DKV, DAS und Victoria) | G88: B83 | H88: Ergo (ab 01.04.14 für Ergo, Ergo-L, DKV, DAS und Victoria) | I88: 00555-1323 | J88: 00555-1323
A89: A84 | B89: dkv | C89: dkv | E89: Ergo KV (ex DKV) | G89: B84 | H89: Ergo KV (ex DKV) | J89: 245353852 | AI89: 24535-6066
A90: A85 | E90: Ergo KV | G90: B85 | H90: Ergo KV | J90: 5563578
A91: A86 | E91: Ergo Leben | G91: B86 | H91: Ergo Leben | I91: 886221478
A92: A87 | E92: Ergo Direkt | G92: B87 | H92: Ergo Direkt | I92: 60001-3404 | J92: 60001-3404 | AI92: 60001-3025
A93: A88 | E93: ERV AG | G93: B88 | H93: ERV AG | I93: 015317002202
A94: A89 | E94: Europ Assistance Versicherungs-AG | G94: B89 | H94: Europ Assistance Versicherungs-AG | J94: 122700
A95: A90 | D95: www.europa.de/vep | E95: Europa (über Continentale) | G95: B90 | H95: Europa (über Continentale) | J95: 9200754
A96: A91 | B96: V201193478 | C96: firma1 | E96: FdB Fondsdepot Bank (Jung DMS) | G96: B91 | H96: FdB Fondsdepot Bank (Jung DMS) | J96: V201193478
A97: A92 | B97: V8446566 | C97: 62589 | E97: FFB Frankfurter Fondsbank (Jung DMS) | G97: B92 | H97: FFB Frankfurter Fondsbank (Jung DMS) | J97: V8446566
A98: A93 | B98: 98114 | C98: Wer57fra | E98: Fondskonzept AG (ex Invers) | G98: B93 | H98: Fondskonzept AG (Invers) | J98: 98144 | L98: MSC
A99: A94 | B99: 98162 | C99: Wer57fra | E99: Fondskonzept | G99: B94 | H99: Fondskonzept AG (VEMA) | I99: 98162
A100: A95 | B100: 98010 | C100: tippi | E100: Fondskonzept AG (ex Atvantis) | G100: B95 | H100: Fondskonzept AG (Atvantis) | Q100: 98010
...

Sheet BÜ´s
A1: Mailadressen für Bestandsübertragungen | C1: Courtagekonten
C2: BeraterHaus | D2: VEMA | E2: Invers | F2: Maxpool | G2: Petri | H2: Röder | I2: Tippmann | J2: Hildebrandt | K2: Hesselbarth | L2: Hartkopf | M2: Sach | N2: kfz | O2: Leben | P2: Kranken
A3: AXA Sach | B3: Bestandsuebertragung-Makler@axa.de | G3: 1048001764 | M3: 10/48/00/0805 bzw. 003816 | N3: 130040363 | O3: 10/35/00/6249 | P3: 5707000805
A4: AXA Kfz | B4: Bestandsuebertragung-Makler@axa.de | G4: 1048001783
A5: AXA Leben | B5: Bestandsuebertragung-Makler@axa.de
A6: AXA Kranken | B6: Bestandsuebertragung-Makler@axa.de
A7: Allianz Sach | B7: amvb-uebertragung@allianz.de | M7: 50/110/1334
A8: Allianz Leben | B8: lebensversicherung@allianz.de | O8: 70/202/2262
A9: Allianz Kranken | B9: APKV-ZMSB-KUWU@allianz.de | P9: 70/585/0637
A10: Alte Leipziger Leben | B10: vertrieb@alte-leipziger.de
A11: Alte Leipziger Sach | B11: vertrieb@alte-leipziger.de
A12: ARAG | B12: bu-makler@arag.de
A13: Barmenia Versicherung | B13: md-leipzig@barmenia.de
A14: Die Bayerische | B14: provisionsreklamation@diebayerische.de
A15: Ergo | B15: maklerauftraege-b@ergo.de | M15: 886986 | O15: (H) 887884 (V) 886986
A16: Generali Sach | B16: gen-maklerauftrag@generali.de | C16: 122700 | G16: 103677 | M16: 122700 | N16: 293181 | O16: 122700 | P16: 122700
A17: Generali Kfz | C17: 122700 | G17: 103679
A18: Generali Leben
A19: Gothaer Leben | B19: lv_service@gothaer.de | C19: 691-2336
A20: Gothaer Kranken | B20: kv_service@gothaer.de
A21: Gothaer Sach | B21: gkc_mm@gothaer.de | C21: 28446
A22: Hanse-Merkur | B22: Heiko.Domigalle@hansemerkur.de | M22: 221/1200468 | O22: 221/1200468 | P22: 221/1200468
A23: Hallesche Kranken | B23: VTW-ZK-ZB@alte-leipziger.de
A24: HDI Leben | B24: leben.service@hdi.de | M24: 203-44780 | N24: 203166 | O24: 021449
A25: HDI Sach | B25: HK.Vertrag@hdi.de
A26: Invers | B26: bestandsuebertragung@invers-gruppe.de | C26: 7993201 | G26: 7993201-013 | M26: 7993201-xx
A27: Inter | B27: maklerservice@inter.de | E27: 568063
A28: Kravag | B28: G_Vertriebsverwaltung_Makler@ruv.de | N28: 770/771072
A29: LV 1871 | B29: florian.steinhilber@lv1871.de | O29: 23 288830
A30: Nürnberger Leben | B30: michael.hoffmann@nuernberger.de | C30: 152053992 | O30: 152/05/3992
A31: Nürnberger Sach | B31: Ronald.Schleicher@nuernberger.de | C31: 152053992 | M31: 152/05/3992 | P31: 152/05/3992
A32: Mannheimer | B32: mdleipzig@mannheimer.de | E32: 522/89456 | M32: 522/60720 | P32: 522/66982
A33: Maxpool
A34: Rhion Versicherung | B34: zva@rhion.de
A35: Signal | B35: maklerauftrag@signal-iduna.de | M35: 1370/02419
A36: Volkswohlbund | B36: kc-ost@volkswohl-bund.de | M36: 184/204 | O36: 184/204
A37: Württembergische | B37: mandatsbearbeitung@wuerttembergische.de | M37: 6810-7150-4 | N37: 6810-7151-2 | O37: 6850-5223-7
A39: ansonsten über Maklerbetreuer einreichen

Sheet Post
A1: Gesellschaft | B1: Art der Zustellung | C1: Zugang
A2: Advocard | C2: Briefpost
A3: Allianz | B3: AMS/Concenter | C3: Briefpost | E3: Doppelerfassung
A4: Alte Leipziger | B4: AMS/Concenter
A5: ASC | B5: AMS/Concenter
A6: AXA | B6: AMS/Concenter | C6: Briefpost | D6: Maklerportal | E6: nur csv
A7: Baden-Badener | B7: AMS/Concenter
A8: Barmenia | B8: Easy Login
A9: Basler | C9: Briefpost
A10: Canada Life | B10: Easy Login
A11: Concordia
A12: Condor | B12: über R+V
A13: Continentale | B13: AMS/Concenter | C13: Transferservice | D13: Easy-Login | E13: gdv
A14: die Bayerische | C14: Briefpost
A15: Direct Line | B15: E-Mail | C15: Portal
A16: DBV | B16: AMS/Concenter | C16: Briefpost
A17: Easy Login
A18: Generali | C18: Briefpost
A19: Gothaer | B19: AMS/Concenter
A20: Haftpflichtkasse | B20: AMS/Concenter
A21: Hanse Merkur | B21: E-Mail
A22: HDI | B22: AMS/Concenter | C22: Transferservice | D22: Easy-Login | E22: Doppelerfassung
A23: Helvetia | B23: E-Mail
A24: Ideal | B24: E-Mail
A25: Inter | B25: Extranet
A26: Interlloyd | B26: Extranet
A27: Interrisk | C27: Briefpost
A28: Invers | B28: Extranet
A29: Janitos | B29: Portal | C29: keine Briefpost
A30: KRAVAG | B30: AMS/Concenter | C30: Briefpost
A31: KS-Auxilia
A32: LV1871 | B32: AMS/Concenter | C32: Transferservice | D32: Easy-Login
A33: Nürnberger | B33: AMS/Concenter | E33: PDF; GDV
A34: R+V Versicherung | B34: AMS/Concenter | C34: Briefpost
A35: Rhion | B35: AMS/Concenter | E35: PDF
A36: Stuttgarter | B36: AMS/Concenter
A37: TGIC
A38: VEMA | B38: AMS/Concenter
A39: VHV
A40: Volkswohlbund | B40: AMS/Concenter | C40: Transferservice | D40: Easy-Login | E40: PDF
A41: WüBa | C41: Briefpost
A42: Württembergische | C42: Briefpost
A43: Würzburger
A44: WWK | B44: AMS/Concenter | C44: Transferservice | D44: Easy-Login | E44: PDF
A45: Zurich

Sheet Einzel
A1: =+'ex BH PW'!H1 -> Gesellschaft / Partner | B1: =+'ex BH PW'!J1 -> BeraterHaus | C1: =+'ex BH PW'!I1 -> VEMA | D1: =+'ex BH PW'!K1 -> ASC | E1: =+'ex BH PW'!L1 -> Invers | F1: =+'ex BH PW'!N1 -> maxpool | G1: =+'ex BH PW'!P1 -> Petri | H1: =+'ex BH PW'!Q1 -> Tippmann | I1: =+'ex BH PW'!R1 -> Röder | J1: =+'ex BH PW'!S1 -> Hesselbarth | K1: =+'ex BH PW'!T1 -> Furch | L1: =+'ex BH PW'!U1 -> Hartkopf | M1: =+'ex BH PW'!V1 -> Hildebrandt | N1: =+'ex BH PW'!W1 -> Hollatz | ... Z1: =+'ex BH PW'!AI1 -> Reif
A2: =+'ex BH PW'!H2 -> AAB Augsburger Aktienbank (Invers) | B2: =+'ex BH PW'!J2 -> 0 | C2: =+'ex BH PW'!I2 -> 0 | D2: =+'ex BH PW'!K2 -> 0 | E2: =+'ex BH PW'!L2 -> 0 | F2: =+'ex BH PW'!M2 -> 0 | G2: =+'ex BH PW'!N2 -> 0 | H2: =+'ex BH PW'!P2 -> 0 | I2: =+'ex BH PW'!Q2 -> 0 | J2: =+'ex BH PW'!R2 -> 0 | K2: =+'ex BH PW'!S2 -> 0 | L2: =+'ex BH PW'!T2 -> 0 | M2: =+'ex BH PW'!U2 -> 0 | N2: =+'ex BH PW'!V2 -> 0 | O2: =+'ex BH PW'!W2 -> 0 | ... Z2: =+'ex BH PW'!AH2 -> 0
A3: =+'ex BH PW'!H4 -> abc-teleconsult | B3: =+'ex BH PW'!J4 -> 0 | C3: =+'ex BH PW'!I4 -> 0 | D3: =+'ex BH PW'!K4 -> 0 | E3: =+'ex BH PW'!L4 -> 0 | F3: =+'ex BH PW'!M4 -> 0 | G3: =+'ex BH PW'!N4 -> 0 | H3: =+'ex BH PW'!P4 -> 0 | I3: =+'ex BH PW'!Q4 -> 0 | J3: =+'ex BH PW'!R4 -> 0 | K3: =+'ex BH PW'!S4 -> 0 | L3: =+'ex BH PW'!T4 -> 0 | M3: =+'ex BH PW'!U4 -> 0 | N3: =+'ex BH PW'!V4 -> 0 | O3: =+'ex BH PW'!W4 -> 0 | ... Z3: =+'ex BH PW'!AH4 -> 0
A4: =+'ex BH PW'!H5 -> ACE European Group Limited Direktion für Deutschland | B4: =+'ex BH PW'!J5 | C4: =+'ex BH PW'!I5 -> 2202_VEMA | D4: =+'ex BH PW'!K5 -> 0 | E4: =+'ex BH PW'!L5 -> 0 | F4: =+'ex BH PW'!M5 -> 0 | G4: =+'ex BH PW'!N5 -> 0 | H4: =+'ex BH PW'!P5 -> 0 | I4: =+'ex BH PW'!Q5 -> 0 | J4: =+'ex BH PW'!R5 -> 0 | K4: =+'ex BH PW'!S5 -> 0 | L4: =+'ex BH PW'!T5 -> 0 | M4: =+'ex BH PW'!U5 -> 0 | N4: =+'ex BH PW'!V5 -> 0 | O4: =+'ex BH PW'!W5 -> 0 | ... Z4: =+'ex BH PW'!AH5 -> 0
A5: =+'ex BH PW'!H6 -> Adcuri | B5: =+'ex BH PW'!J6 -> 950086739 | C5: =+'ex BH PW'!I6 -> 950212022 | D5: =+'ex BH PW'!K6 -> 0 | E5: =+'ex BH PW'!L6 -> 0 | F5: =+'ex BH PW'!M6 -> 0 | G5: =+'ex BH PW'!N6 -> 0 | H5: =+'ex BH PW'!P6 -> 0 | I5: =+'ex BH PW'!Q6 -> 0 | J5: =+'ex BH PW'!R6 -> 0 | K5: =+'ex BH PW'!S6 -> 0 | L5: =+'ex BH PW'!T6 -> 0 | M5: =+'ex BH PW'!U6 -> 0 | N5: =+'ex BH PW'!V6 -> 0 | O5: =+'ex BH PW'!W6 -> 0 | ... Z5: =+'ex BH PW'!AH6 -> 0
A6: =+'ex BH PW'!H8 -> Adcuri (VEMA) | B6: =+'ex BH PW'!J8 -> 950205963 alt | C6: =+'ex BH PW'!I8 -> 950212022 | D6: =+'ex BH PW'!K8 -> 0 | E6: =+'ex BH PW'!L8 -> 0 | F6: =+'ex BH PW'!M8 -> 0 | G6: =+'ex BH PW'!N8 -> 0 | H6: =+'ex BH PW'!P8 -> 0 | I6: =+'ex BH PW'!Q8 -> 0 | J6: =+'ex BH PW'!R8 -> 0 | K6: =+'ex BH PW'!S8 -> 0 | L6: =+'ex BH PW'!T8 -> 0 | M6: =+'ex BH PW'!U8 -> 0 | N6: =+'ex BH PW'!V8 -> 0 | O6: =+'ex BH PW'!W8 -> 0 | ... Z6: =+'ex BH PW'!AH8 -> 0
A7: =+'ex BH PW'!H9 -> Advigon (ex CSS 80002841) | B7: =+'ex BH PW'!J9 -> 3780145 | C7: =+'ex BH PW'!I9 -> 3780145 | D7: =+'ex BH PW'!K9 -> 0 | E7: =+'ex BH PW'!L9 -> 0 | F7: =+'ex BH PW'!M9 -> 0 | G7: =+'ex BH PW'!N9 -> 0 | H7: =+'ex BH PW'!P9 -> 0 | I7: =+'ex BH PW'!Q9 -> 0 | J7: =+'ex BH PW'!R9 -> 0 | K7: =+'ex BH PW'!S9 -> 0 | L7: =+'ex BH PW'!T9 -> 0 | M7: =+'ex BH PW'!U9 -> 0 | N7: =+'ex BH PW'!V9 -> 0 | O7: =+'ex BH PW'!W9 -> 0 | ... Z7: =+'ex BH PW'!AH9 -> 0
A8: =+'ex BH PW'!H10 -> AdvoCard (Dialog) | B8: =+'ex BH PW'!J10 -> 70/5523/00122700 | C8: =+'ex BH PW'!I10 -> 106151 | D8: =+'ex BH PW'!K10 -> 0 | E8: =+'ex BH PW'!L10 -> 0 | F8: =+'ex BH PW'!M10 -> 0 | G8: =+'ex BH PW'!N10 -> 0 | H8: =+'ex BH PW'!P10 -> 590/5509 | I8: =+'ex BH PW'!Q10 -> 0 | J8: =+'ex BH PW'!R10 -> 0 | K8: =+'ex BH PW'!S10 -> 0 | L8: =+'ex BH PW'!T10 -> 0 | M8: =+'ex BH PW'!U10 -> 0 | N8: =+'ex BH PW'!V10 -> 0 | O8: =+'ex BH PW'!W10 -> 0 | ... Z8: =+'ex BH PW'!AH10 -> 0
A9: =+[1]passwörter_agenturen!#REF! -> #REF! | B9: =+[1]passwörter_agenturen!#REF! -> #REF! | C9: =+[1]passwörter_agenturen!#REF! -> #REF! | D9: =+[1]passwörter_agenturen!#REF! -> #REF! | E9: =+[1]passwörter_agenturen!#REF! -> #REF! | F9: =+[1]passwörter_agenturen!#REF! -> #REF! | G9: =+[1]passwörter_agenturen!#REF! -> #REF! | H9: =+[1]passwörter_agenturen!#REF! -> #REF! | ... Z9: =+[1]passwörter_agenturen!#REF! -> #REF!
A10: =+'ex BH PW'!H12 -> AIG Europe Limited (Marke WüBa) | B10: =+'ex BH PW'!J12 -> 16603000 | C10: =+'ex BH PW'!I12 -> 16603000 | D10: =+'ex BH PW'!K12 -> 0 | E10: =+'ex BH PW'!L12 -> 0 | F10: =+'ex BH PW'!M12 -> 0 | G10: =+'ex BH PW'!N12 -> 0 | H10: =+'ex BH PW'!P12 -> 0 | I10: =+'ex BH PW'!Q12 -> 0 | J10: =+'ex BH PW'!R12 -> 0 | K10: =+'ex BH PW'!S12 -> 0 | L10: =+'ex BH PW'!T12 -> 0 | M10: =+'ex BH PW'!U12 -> 0 | N10: =+'ex BH PW'!V12 -> 0 | O10: =+'ex BH PW'!W12 -> 0 | ... Z10: =+'ex BH PW'!AH12 -> 0
A11: =+'ex BH PW'!H13 -> Allianz Leben | B11: =+'ex BH PW'!J13 -> 50/110/2650 | C11: =+'ex BH PW'!I13 -> 50/110/2650 | D11: =+'ex BH PW'!K13 -> 0 | E11: =+'ex BH PW'!L13 -> 0 | F11: =+'ex BH PW'!M13 -> 0 | G11: =+'ex BH PW'!N13 -> 0 | H11: =+'ex BH PW'!P13 -> 0 | I11: =+'ex BH PW'!Q13 -> 0 | J11: =+'ex BH PW'!R13 -> 0 | K11: =+'ex BH PW'!S13 -> 0 | L11: =+'ex BH PW'!T13 -> 0 | M11: =+'ex BH PW'!U13 -> 0 | N11: =+'ex BH PW'!V13 -> 0 | O11: =+'ex BH PW'!W13 -> 0 | ... Z11: =+'ex BH PW'!AH13 -> 0
A12: =+'ex BH PW'!H14 -> Allianz Kranken | B12: =+'ex BH PW'!J14 -> 70/585/0637 | C12: =+'ex BH PW'!I14 -> 705850637 | D12: =+'ex BH PW'!K14 -> 0 | E12: =+'ex BH PW'!L14 -> 0 | F12: =+'ex BH PW'!M14 -> 0 | G12: =+'ex BH PW'!N14 -> 0 | H12: =+'ex BH PW'!P14 -> 0 | I12: =+'ex BH PW'!Q14 -> 0 | J12: =+'ex BH PW'!R14 -> 0 | K12: =+'ex BH PW'!S14 -> 0 | L12: =+'ex BH PW'!T14 -> 0 | M12: =+'ex BH PW'!U14 -> 0 | N12: =+'ex BH PW'!V14 -> 0 | O12: =+'ex BH PW'!W14 -> 0 | ... Z12: =+'ex BH PW'!AH14 -> 0
A13: =+'ex BH PW'!H16 -> Alte Leipziger Bauspar AG | B13: =+'ex BH PW'!J16 -> 5124 | C13: =+'ex BH PW'!I16 -> 0 | D13: =+'ex BH PW'!K16 -> 0 | E13: =+'ex BH PW'!L16 -> 0 | F13: =+'ex BH PW'!M16 -> 0 | G13: =+'ex BH PW'!N16 -> 0 | H13: =+'ex BH PW'!P16 -> 0 | I13: =+'ex BH PW'!Q16 -> 0 | J13: =+'ex BH PW'!R16 -> 0 | K13: =+'ex BH PW'!S16 -> 0 | L13: =+'ex BH PW'!T16 -> 0 | M13: =+'ex BH PW'!U16 -> 0 | N13: =+'ex BH PW'!V16 -> 0 | O13: =+'ex BH PW'!W16 -> 0 | ... Z13: =+'ex BH PW'!AH16 -> 0
A14: =+'ex BH PW'!H18 -> Amex | B14: =+'ex BH PW'!J18 -> 55956 | C14: =+'ex BH PW'!I18 -> 0 | D14: =+'ex BH PW'!K18 -> 0 | E14: =+'ex BH PW'!L18 -> 0 | F14: =+'ex BH PW'!M18 -> 0 | G14: =+'ex BH PW'!N18 -> 0 | H14: =+'ex BH PW'!P18 -> 0 | I14: =+'ex BH PW'!Q18 -> 0 | J14: =+'ex BH PW'!R18 -> 0 | K14: =+'ex BH PW'!S18 -> 0 | L14: =+'ex BH PW'!T18 -> 0 | M14: =+'ex BH PW'!U18 -> 0 | N14: =+'ex BH PW'!V18 -> 0 | O14: =+'ex BH PW'!W18 -> 0 | ... Z14: =+'ex BH PW'!AH18 -> 0
A15: =+'ex BH PW'!H19 -> Ammerländer | B15: =+'ex BH PW'!J19 -> 24600 | C15: =+'ex BH PW'!I19 -> 24600 | D15: =+'ex BH PW'!K19 -> 0 | E15: =+'ex BH PW'!L19 -> 0 | F15: =+'ex BH PW'!M19 -> 0 | G15: =+'ex BH PW'!N19 -> 0 | H15: =+'ex BH PW'!P19 -> 0 | I15: =+'ex BH PW'!Q19 -> 0 | J15: =+'ex BH PW'!R19 -> 0 | K15: =+'ex BH PW'!S19 -> 0 | L15: =+'ex BH PW'!T19 -> 0 | M15: =+'ex BH PW'!U19 -> 0 | N15: =+'ex BH PW'!V19 -> 0 | O15: =+'ex BH PW'!W19 -> 0 | ... Z15: =+'ex BH PW'!AH19 -> 0
A16: =+'ex BH PW'!H20 -> Ammerländer | B16: =+'ex BH PW'!J20 -> 0 | C16: =+'ex BH PW'!I20 -> 24600 | D16: =+'ex BH PW'!K20 -> 0 | E16: =+'ex BH PW'!L20 -> 0 | F16: =+'ex BH PW'!M20 -> 0 | G16: =+'ex BH PW'!N20 -> 0 | H16: =+'ex BH PW'!P20 -> 0 | I16: =+'ex BH PW'!Q20 -> 0 | J16: =+'ex BH PW'!R20 -> 0 | K16: =+'ex BH PW'!S20 -> 0 | L16: =+'ex BH PW'!T20 -> 0 | M16: =+'ex BH PW'!U20 -> 0 | N16: =+'ex BH PW'!V20 -> 0 | O16: =+'ex BH PW'!W20 -> 0 | ... Z16: =+'ex BH PW'!AH20 -> 0
A17: =+'ex BH PW'!H22 -> Apella | B17: =+'ex BH PW'!J22 -> 05065 | C17: =+'ex BH PW'!I22 -> 0 | D17: =+'ex BH PW'!K22 -> 0 | E17: =+'ex BH PW'!L22 -> 0 | F17: =+'ex BH PW'!M22 -> 0 | G17: =+'ex BH PW'!N22 -> 0 | H17: =+'ex BH PW'!P22 -> 0 | I17: =+'ex BH PW'!Q22 -> 0 | J17: =+'ex BH PW'!R22 -> 0 | K17: =+'ex BH PW'!S22 -> 0 | L17: =+'ex BH PW'!T22 -> 0 | M17: =+'ex BH PW'!U22 -> 0 | N17: =+'ex BH PW'!V22 -> 0 | O17: =+'ex BH PW'!W22 -> 0 | ... Z17: =+'ex BH PW'!AH22 -> 0
A18: =+'ex BH PW'!H23 -> Apella | B18: =+'ex BH PW'!J23 -> 0 | C18: =+'ex BH PW'!I23 -> 0 | D18: =+'ex BH PW'!K23 -> 0 | E18: =+'ex BH PW'!L23 -> 0 | F18: =+'ex BH PW'!M23 -> 0 | G18: =+'ex BH PW'!N23 -> 0 | H18: =+'ex BH PW'!P23 -> 0 | I18: =+'ex BH PW'!Q23 -> 0 | J18: =+'ex BH PW'!R23 -> 0 | K18: =+'ex BH PW'!S23 -> 0 | L18: =+'ex BH PW'!T23 -> 0 | M18: =+'ex BH PW'!U23 -> 0 | N18: =+'ex BH PW'!V23 -> 0 | O18: =+'ex BH PW'!W23 -> 0 | ... Z18: =+'ex BH PW'!AH23 -> 0
A19: =+'ex BH PW'!H24 -> ARAG Krankenversicherungen | B19: =+'ex BH PW'!J24 -> 643/060344 | C19: =+'ex BH PW'!I24 -> 60344 | D19: =+'ex BH PW'!K24 -> 0 | E19: =+'ex BH PW'!L24 -> 0 | F19: =+'ex BH PW'!M24 -> 0 | G19: =+'ex BH PW'!N24 -> 0 | H19: =+'ex BH PW'!P24 -> 0 | I19: =+'ex BH PW'!Q24 -> 0 | J19: =+'ex BH PW'!R24 -> 0 | K19: =+'ex BH PW'!S24 -> 0 | L19: =+'ex BH PW'!T24 -> 0 | M19: =+'ex BH PW'!U24 -> 0 | N19: =+'ex BH PW'!V24 -> 0 | O19: =+'ex BH PW'!W24 -> 0 | ... Z19: =+'ex BH PW'!AH24 -> 0
A20: =+'ex BH PW'!H25 -> ARAG Rechtsschutzversicherung | B20: =+'ex BH PW'!J25 -> 643/AA2481-3 | C20: =+'ex BH PW'!I25 -> AA2481-3 | D20: =+'ex BH PW'!K25 -> 0 | E20: =+'ex BH PW'!L25 -> 7975101 | F20: =+'ex BH PW'!M25 -> 0 | G20: =+'ex BH PW'!N25 -> 0 | H20: =+'ex BH PW'!P25 -> 0 | I20: =+'ex BH PW'!Q25 -> 0 | J20: =+'ex BH PW'!R25 -> 0 | K20: =+'ex BH PW'!S25 -> 0 | L20: =+'ex BH PW'!T25 -> 0 | M20: =+'ex BH PW'!U25 -> 0 | N20: =+'ex BH PW'!V25 -> 0 | O20: =+'ex BH PW'!W25 -> 0 | ... Z20: =+'ex BH PW'!AH25 -> 0
A21: =+'ex BH PW'!H26 -> ARAG Versicherungen | B21: =+'ex BH PW'!J26 -> 643/AA2481-3 | C21: =+'ex BH PW'!I26 -> AA2481-3 | D21: =+'ex BH PW'!K26 -> 0 | E21: =+'ex BH PW'!L26 -> 0 | F21: =+'ex BH PW'!M26 -> 0 | G21: =+'ex BH PW'!N26 -> 0 | H21: =+'ex BH PW'!P26 -> 0 | I21: =+'ex BH PW'!Q26 -> 0 | J21: =+'ex BH PW'!R26 -> 0 | K21: =+'ex BH PW'!S26 -> 0 | L21: =+'ex BH PW'!T26 -> 0 | M21: =+'ex BH PW'!U26 -> 0 | N21: =+'ex BH PW'!V26 -> 0 | O21: =+'ex BH PW'!W26 -> 0 | ... Z21: =+'ex BH PW'!AH26 -> 0
A22: =+'ex BH PW'!H27 -> ASC | B22: =+'ex BH PW'!J27 -> 89299 | C22: =+'ex BH PW'!I27 -> 0 | D22: =+'ex BH PW'!K27 -> 0 | E22: =+'ex BH PW'!L27 -> 0 | F22: =+'ex BH PW'!M27 -> 0 | G22: =+'ex BH PW'!N27 -> 0 | H22: =+'ex BH PW'!P27 -> 0 | I22: =+'ex BH PW'!Q27 -> 0 | J22: =+'ex BH PW'!R27 -> 0 | K22: =+'ex BH PW'!S27 -> 0 | L22: =+'ex BH PW'!T27 -> 0 | M22: =+'ex BH PW'!U27 -> 0 | N22: =+'ex BH PW'!V27 -> 0 | O22: =+'ex BH PW'!W27 -> 0 | ... Z22: =+'ex BH PW'!AH27 -> 0
A23: =+'ex BH PW'!H28 -> Athora (alt Athene ;Delta Lloyd) | B23: =+'ex BH PW'!J28 -> 4187038 | C23: =+'ex BH PW'!I28 -> 0 | D23: =+'ex BH PW'!K28 -> 0 | E23: =+'ex BH PW'!L28 -> 0 | F23: =+'ex BH PW'!M28 -> 0 | G23: =+'ex BH PW'!N28 -> 0 | H23: =+'ex BH PW'!P28 -> 0 | I23: =+'ex BH PW'!Q28 -> 0 | J23: =+'ex BH PW'!R28 -> 0 | K23: =+'ex BH PW'!S28 -> 0 | L23: =+'ex BH PW'!T28 -> 0 | M23: =+'ex BH PW'!U28 -> 0 | N23: =+'ex BH PW'!V28 -> 0 | O23: =+'ex BH PW'!W28 -> 0 | ... Z23: =+'ex BH PW'!AH28 -> 0
A24: =+'ex BH PW'!H29 -> AUXILIA Rechtsschutz-Versicherungs AG | B24: =+'ex BH PW'!J29 -> 107175 | C24: =+'ex BH PW'!I29 -> 107175 | D24: =+'ex BH PW'!K29 -> 0 | E24: =+'ex BH PW'!L29 -> 108980 | F24: =+'ex BH PW'!M29 -> 0 | G24: =+'ex BH PW'!N29 -> 0 | H24: =+'ex BH PW'!P29 -> 0 | I24: =+'ex BH PW'!Q29 -> 0 | J24: =+'ex BH PW'!R29 -> 0 | K24: =+'ex BH PW'!S29 -> 0 | L24: =+'ex BH PW'!T29 -> 112366 | M24: =+'ex BH PW'!U29 -> 0 | N24: =+'ex BH PW'!V29 -> 0 | O24: =+'ex BH PW'!W29 -> 0 | ... Z24: =+'ex BH PW'!AH29 -> 0
A25: =+'ex BH PW'!H30 -> AXA (Innendienst) Kfz | B25: =+'ex BH PW'!J30 -> 0 | C25: =+'ex BH PW'!I30 -> 0 | D25: =+'ex BH PW'!K30 -> 0 | E25: =+'ex BH PW'!L30 -> 0 | F25: =+'ex BH PW'!M30 -> 0 | G25: =+'ex BH PW'!N30 -> 0 | H25: =+'ex BH PW'!P30 -> 10/48/00/1783 | I25: =+'ex BH PW'!Q30 -> 10/48/00/1778 | J25: =+'ex BH PW'!R30 -> 0 | K25: =+'ex BH PW'!S30 -> 0 | L25: =+'ex BH PW'!T30 -> 0 | M25: =+'ex BH PW'!U30 -> 0 | N25: =+'ex BH PW'!V30 -> 0 | O25: =+'ex BH PW'!W30 -> 0 | ... Z25: =+'ex BH PW'!AH30 -> 0
A26: =+'ex BH PW'!H31 -> AXA Leben | B26: =+'ex BH PW'!J31 -> 10/35/00/6249 | C26: =+'ex BH PW'!I31 -> 1035006249 | D26: =+'ex BH PW'!K31 -> 0 | E26: =+'ex BH PW'!L31 -> 0 | F26: =+'ex BH PW'!M31 -> 0 | G26: =+'ex BH PW'!N31 -> 0 | H26: =+'ex BH PW'!P31 -> 0 | I26: =+'ex BH PW'!Q31 -> 0 | J26: =+'ex BH PW'!R31 -> 0 | K26: =+'ex BH PW'!S31 -> 0 | L26: =+'ex BH PW'!T31 -> 0 | M26: =+'ex BH PW'!U31 -> 0 | N26: =+'ex BH PW'!V31 -> 0 | O26: =+'ex BH PW'!W31 -> 0 | ... Z26: =+'ex BH PW'!AH31 -> 0
A27: =+'ex BH PW'!H32 -> AXA Leben (alt DBV-Leben) | B27: =+'ex BH PW'!J32 -> 10/36/00/2754 | C27: =+'ex BH PW'!I32 -> 0 | D27: =+'ex BH PW'!K32 -> 0 | E27: =+'ex BH PW'!L32 -> 0 | F27: =+'ex BH PW'!M32 -> 0 | G27: =+'ex BH PW'!N32 -> 0 | H27: =+'ex BH PW'!P32 -> 0 | I27: =+'ex BH PW'!Q32 -> 0 | J27: =+'ex BH PW'!R32 -> 0 | K27: =+'ex BH PW'!S32 -> 0 | L27: =+'ex BH PW'!T32 -> 0 | M27: =+'ex BH PW'!U32 -> 0 | N27: =+'ex BH PW'!V32 -> 0 | O27: =+'ex BH PW'!W32 -> 0 | ... Z27: =+'ex BH PW'!AH32 -> 0
A28: =+'ex BH PW'!H33 -> AXA Sach | B28: =+'ex BH PW'!J33 -> 10/48/00/0805 | C28: =+'ex BH PW'!I33 -> 1048000805, 1048001741, 1048001767, 1048001772, | D28: =+'ex BH PW'!K33 -> 0 | E28: =+'ex BH PW'!L33 -> 0 | F28: =+'ex BH PW'!M33 -> 0 | G28: =+'ex BH PW'!N33 -> 0 | H28: =+'ex BH PW'!P33 -> 10/48/00/1767 | I28: =+'ex BH PW'!Q33 -> 10/48/00/1741 | J28: =+'ex BH PW'!R33 -> 10/48/00/1772 | K28: =+'ex BH PW'!S33 -> 0 | L28: =+'ex BH PW'!T33 -> 0 | M28: =+'ex BH PW'!U33 -> 0 | N28: =+'ex BH PW'!V33 -> 10/48/00/1791 | O28: =+'ex BH PW'!W33 -> 10/48/00/1296 | ... Z28: =+'ex BH PW'!AH33 -> 0
A29: =+'ex BH PW'!H34 -> AXA Sach (Rahmenvertrag Kfz) | B29: =+'ex BH PW'!J34 -> 130040363 | C29: =+[1]passwörter_agenturen!#REF! -> #REF! | D29: =+'ex BH PW'!K34 -> 0 | E29: =+'ex BH PW'!L34 -> 0 | F29: =+'ex BH PW'!M34 -> 0 | G29: =+'ex BH PW'!N34 -> 0 | H29: =+'ex BH PW'!P34 -> 0 | I29: =+'ex BH PW'!Q34 -> 0 | J29: =+'ex BH PW'!R34 -> 0 | K29: =+'ex BH PW'!S34 -> 0 | L29: =+'ex BH PW'!T34 -> 0 | M29: =+'ex BH PW'!U34 -> 0 | N29: =+'ex BH PW'!V34 -> 0 | O29: =+'ex BH PW'!W34 -> 0 | ... Z29: =+'ex BH PW'!AH34 -> 0
A30: =+'ex BH PW'!H35 -> AXA Sach (Rahmenvertrag Sach) | B30: =+'ex BH PW'!J35 -> 003816 | C30: =+'ex BH PW'!I34 -> 0 | D30: =+'ex BH PW'!K35 -> 0 | E30: =+'ex BH PW'!L35 -> 0 | F30: =+'ex BH PW'!M35 -> 0 | G30: =+'ex BH PW'!N35 -> 0 | H30: =+'ex BH PW'!P35 -> 0 | I30: =+'ex BH PW'!Q35 -> 0 | J30: =+'ex BH PW'!R35 -> 0 | K30: =+'ex BH PW'!S35 -> 0 | L30: =+'ex BH PW'!T35 -> 0 | M30: =+'ex BH PW'!U35 -> 0 | N30: =+'ex BH PW'!V35 -> 0 | O30: =+'ex BH PW'!W35 -> 0 | ... Z30: =+'ex BH PW'!AH35 -> 0
A31: =+'ex BH PW'!H37 -> Zurich Sach / fbs (ex Baden-Badener) | B31: =+'ex BH PW'!J37 -> 782644 | C31: =+'ex BH PW'!I37 -> 0 | D31: =+'ex BH PW'!K37 -> 0 | E31: =+'ex BH PW'!L37 -> 76993201 | F31: =+'ex BH PW'!M37 -> 0 | G31: =+'ex BH PW'!N37 -> 0 | H31: =+'ex BH PW'!P37 -> 0 | I31: =+'ex BH PW'!Q37 -> 0 | J31: =+'ex BH PW'!R37 -> 0 | K31: =+'ex BH PW'!S37 -> 0 | L31: =+'ex BH PW'!T37 -> 0 | M31: =+'ex BH PW'!U37 -> 0 | N31: =+'ex BH PW'!V37 -> 0 | O31: =+'ex BH PW'!W37 -> 0 | ... Z31: =+'ex BH PW'!AH37 -> 0
A32: =+'ex BH PW'!H41 -> Baloise Lebensversicherung AG | B32: =+'ex BH PW'!J41 -> 871/0929 | C32: =+'ex BH PW'!I41 -> 871/0929 | D32: =+'ex BH PW'!K41 -> 0 | E32: =+'ex BH PW'!L41 -> 0 | F32: =+'ex BH PW'!M41 -> 0 | G32: =+'ex BH PW'!N41 -> 0 | H32: =+'ex BH PW'!P41 -> 0 | I32: =+'ex BH PW'!Q41 -> 0 | J32: =+'ex BH PW'!R41 -> 0 | K32: =+'ex BH PW'!S41 -> 0 | L32: =+'ex BH PW'!T41 -> 0 | M32: =+'ex BH PW'!U41 -> 0 | N32: =+'ex BH PW'!V41 -> 0 | O32: =+'ex BH PW'!W41 -> 0 | ... Z32: =+'ex BH PW'!AH41 -> 0
A33: =+'ex BH PW'!H42 -> BSG Baloise Service GmbH | B33: =+'ex BH PW'!J42 -> 0 | C33: =+'ex BH PW'!I42 -> 2202-00 | D33: =+'ex BH PW'!K42 -> 0 | E33: =+'ex BH PW'!L42 -> 0 | F33: =+'ex BH PW'!M42 -> 0 | G33: =+'ex BH PW'!N42 -> 0 | H33: =+'ex BH PW'!P42 -> 0 | I33: =+'ex BH PW'!Q42 -> 0 | J33: =+'ex BH PW'!R42 -> 0 | K33: =+'ex BH PW'!S42 -> 0 | L33: =+'ex BH PW'!T42 -> 0 | M33: =+'ex BH PW'!U42 -> 0 | N33: =+'ex BH PW'!V42 -> 0 | O33: =+'ex BH PW'!W42 -> 0 | ... Z33: =+'ex BH PW'!AH42 -> 0
A34: =+'ex BH PW'!H44 -> Bayerische Hausbesitzer Versicherung | B34: =+'ex BH PW'!J44 -> 6255 | C34: =+'ex BH PW'!I44 -> 6255 | D34: =+'ex BH PW'!K44 -> 0 | E34: =+'ex BH PW'!L44 -> 0 | F34: =+'ex BH PW'!M44 -> 0 | G34: =+'ex BH PW'!N44 -> 0 | H34: =+'ex BH PW'!P44 -> 0 | I34: =+'ex BH PW'!Q44 -> 0 | J34: =+'ex BH PW'!R44 -> 0 | K34: =+'ex BH PW'!S44 -> 0 | L34: =+'ex BH PW'!T44 -> 0 | M34: =+'ex BH PW'!U44 -> 0 | N34: =+'ex BH PW'!V44 -> 0 | O34: =+'ex BH PW'!W44 -> 0 | ... Z34: =+'ex BH PW'!AH44 -> 0
A35: =+[1]passwörter_agenturen!#REF! -> #REF! | B35: =+[1]passwörter_agenturen!#REF! -> #REF! | C35: =+[1]passwörter_agenturen!#REF! -> #REF! | D35: =+[1]passwörter_agenturen!#REF! -> #REF! | E35: =+[1]passwörter_agenturen!#REF! -> #REF! | F35: =+[1]passwörter_agenturen!#REF! -> #REF! | G35: =+[1]passwörter_agenturen!#REF! -> #REF! | H35: =+[1]passwörter_agenturen!#REF! -> #REF! | ... Z35: =+[1]passwörter_agenturen!#REF! -> #REF!
A36: =+'ex BH PW'!H46 -> BHW (Invers) | B36: =+'ex BH PW'!J46 -> 0 | C36: =+'ex BH PW'!I46 -> 0 | D36: =+'ex BH PW'!K46 -> 0 | E36: =+'ex BH PW'!L46 -> 02431917357 | F36: =+'ex BH PW'!M46 -> 0 | G36: =+'ex BH PW'!N46 -> 0 | H36: =+'ex BH PW'!P46 -> 0 | I36: =+'ex BH PW'!Q46 -> 0 | J36: =+'ex BH PW'!R46 -> 0 | K36: =+'ex BH PW'!S46 -> 0 | L36: =+'ex BH PW'!T46 -> 0 | M36: =+'ex BH PW'!U46 -> 0 | N36: =+'ex BH PW'!V46 -> 0 | O36: =+'ex BH PW'!W46 -> 0 | ... Z36: =+'ex BH PW'!AH46 -> 0
A37: =+'ex BH PW'!H47 -> BKM Bausparkasse Mainz | B37: =+'ex BH PW'!J47 -> 568063 | C37: =+'ex BH PW'!I47 -> 0 | D37: =+'ex BH PW'!K47 -> 0 | E37: =+'ex BH PW'!L47 -> 0 | F37: =+'ex BH PW'!M47 -> 0 | G37: =+'ex BH PW'!N47 -> 0 | H37: =+'ex BH PW'!P47 -> 0 | I37: =+'ex BH PW'!Q47 -> 0 | J37: =+'ex BH PW'!R47 -> 0 | K37: =+'ex BH PW'!S47 -> 0 | L37: =+'ex BH PW'!T47 -> 0 | M37: =+'ex BH PW'!U47 -> 0 | N37: =+'ex BH PW'!V47 -> 0 | O37: =+'ex BH PW'!W47 -> 0 | ... Z37: =+'ex BH PW'!AH47 -> 0
A38: =+'ex BH PW'!H48 -> Brandgilde Versicherung | B38: =+'ex BH PW'!J48 -> 14356 | C38: =+'ex BH PW'!I48 -> 0 | D38: =+'ex BH PW'!K48 -> 0 | E38: =+'ex BH PW'!L48 -> 0 | F38: =+'ex BH PW'!M48 -> 0 | G38: =+'ex BH PW'!N48 -> 0 | H38: =+'ex BH PW'!P48 -> 0 | I38: =+'ex BH PW'!Q48 -> 0 | J38: =+'ex BH PW'!R48 -> 0 | K38: =+'ex BH PW'!S48 -> 0 | L38: =+'ex BH PW'!T48 -> 0 | M38: =+'ex BH PW'!U48 -> 0 | N38: =+'ex BH PW'!V48 -> 0 | O38: =+'ex BH PW'!W48 -> 0 | ... Z38: =+'ex BH PW'!AH48 -> 0
A39: =+'ex BH PW'!H49 -> Canada Life | B39: =+'ex BH PW'!J49 -> A5G6 | C39: =+'ex BH PW'!I49 -> A5G6 | D39: =+'ex BH PW'!K49 -> 0 | E39: =+'ex BH PW'!L49 -> 0 | F39: =+'ex BH PW'!M49 -> 0 | G39: =+'ex BH PW'!N49 -> 0 | H39: =+'ex BH PW'!P49 -> 0 | I39: =+'ex BH PW'!Q49 -> 0 | J39: =+'ex BH PW'!R49 -> 0 | K39: =+'ex BH PW'!S49 -> 0 | L39: =+'ex BH PW'!T49 -> 0 | M39: =+'ex BH PW'!U49 -> 0 | N39: =+'ex BH PW'!V49 -> 0 | O39: =+'ex BH PW'!W49 -> 0 | ... Z39: =+'ex BH PW'!AH49 -> 0
A40: =+'ex BH PW'!H50 -> Care Concept | B40: =+'ex BH PW'!J50 -> 000 20 50000 | C40: =+'ex BH PW'!I50 -> 0 | D40: =+'ex BH PW'!K50 -> 0 | E40: =+'ex BH PW'!L50 -> 0 | F40: =+'ex BH PW'!M50 -> 0 | G40: =+'ex BH PW'!N50 -> 0 | H40: =+'ex BH PW'!P50 -> 0 | I40: =+'ex BH PW'!Q50 -> 0 | J40: =+'ex BH PW'!R50 -> 0 | K40: =+'ex BH PW'!S50 -> 0 | L40: =+'ex BH PW'!T50 -> 0 | M40: =+'ex BH PW'!U50 -> 0 | N40: =+'ex BH PW'!V50 -> 0 | O40: =+'ex BH PW'!W50 -> 0 | ... Z40: =+'ex BH PW'!AH50 -> 0
A41: =+'ex BH PW'!H51 -> carglass | B41: =+'ex BH PW'!J51 -> 3655829222 | C41: =+'ex BH PW'!I51 -> 0 | D41: =+'ex BH PW'!K51 -> 0 | E41: =+'ex BH PW'!L51 -> 0 | F41: =+'ex BH PW'!M51 -> 0 | G41: =+'ex BH PW'!N51 -> 0 | H41: =+'ex BH PW'!P51 -> 0 | I41: =+'ex BH PW'!Q51 -> 0 | J41: =+'ex BH PW'!R51 -> 0 | K41: =+'ex BH PW'!S51 -> 0 | L41: =+'ex BH PW'!T51 -> 0 | M41: =+'ex BH PW'!U51 -> 0 | N41: =+'ex BH PW'!V51 -> 0 | O41: =+'ex BH PW'!W51 -> 0 | ... Z41: =+'ex BH PW'!AH51 -> 0
A42: =+'ex BH PW'!H52 -> Concenter | B42: =+'ex BH PW'!J52 -> 0 | C42: =+'ex BH PW'!I52 -> 0 | D42: =+'ex BH PW'!K52 -> 0 | E42: =+'ex BH PW'!L52 -> 0 | F42: =+'ex BH PW'!M52 -> 0 | G42: =+'ex BH PW'!N52 -> 0 | H42: =+'ex BH PW'!P52 -> 0 | I42: =+'ex BH PW'!Q52 -> 0 | J42: =+'ex BH PW'!R52 -> 0 | K42: =+'ex BH PW'!S52 -> 0 | L42: =+'ex BH PW'!T52 -> 0 | M42: =+'ex BH PW'!U52 -> 0 | N42: =+'ex BH PW'!V52 -> 0 | O42: =+'ex BH PW'!W52 -> 0 | ... Z42: =+'ex BH PW'!AH52 -> 0
A43: =+'ex BH PW'!H53 -> Conceptif | B43: =+'ex BH PW'!J53 -> 0 | C43: =+'ex BH PW'!I53 -> 0 | D43: =+'ex BH PW'!K53 -> 0 | E43: =+'ex BH PW'!L53 -> 0 | F43: =+'ex BH PW'!M53 -> 0 | G43: =+'ex BH PW'!N53 -> 0 | H43: =+'ex BH PW'!P53 -> 0 | I43: =+'ex BH PW'!Q53 -> 0 | J43: =+'ex BH PW'!R53 -> 0 | K43: =+'ex BH PW'!S53 -> 0 | L43: =+'ex BH PW'!T53 -> 0 | M43: =+'ex BH PW'!U53 -> 0 | N43: =+'ex BH PW'!V53 -> 0 | O43: =+'ex BH PW'!W53 -> 0 | ... Z43: =+'ex BH PW'!AH53 -> 0
A44: =+[1]passwörter_agenturen!#REF! -> #REF! | B44: =+[1]passwörter_agenturen!#REF! -> #REF! | C44: =+[1]passwörter_agenturen!#REF! -> #REF! | D44: =+[1]passwörter_agenturen!#REF! -> #REF! | E44: =+[1]passwörter_agenturen!#REF! -> #REF! | F44: =+[1]passwörter_agenturen!#REF! -> #REF! | G44: =+[1]passwörter_agenturen!#REF! -> #REF! | H44: =+[1]passwörter_agenturen!#REF! -> #REF! | ... Z44: =+[1]passwörter_agenturen!#REF! -> #REF!
A45: =+'ex BH PW'!H54 -> Concordia | B45: =+'ex BH PW'!J54 -> 25111000 | C45: =+'ex BH PW'!I54 -> 25111000 | D45: =+'ex BH PW'!K54 -> 0 | E45: =+'ex BH PW'!L54 -> 55280055 | F45: =+'ex BH PW'!M54 -> 0 | G45: =+'ex BH PW'!N54 -> 0 | H45: =+'ex BH PW'!P54 -> 0 | I45: =+'ex BH PW'!Q54 -> 0 | J45: =+'ex BH PW'!R54 -> 0 | K45: =+'ex BH PW'!S54 -> 0 | L45: =+'ex BH PW'!T54 -> 0 | M45: =+'ex BH PW'!U54 -> 0 | N45: =+'ex BH PW'!V54 -> 0 | O45: =+'ex BH PW'!W54 -> 0 | ... Z45: =+'ex BH PW'!AH54 -> 0
A46: =+'ex BH PW'!H55 -> Condor Klass. LV/BU / Optima | B46: =+'ex BH PW'!J55 -> 806252 | C46: =+'ex BH PW'!I55 -> 14855, (806252 alt) | D46: =+'ex BH PW'!K55 -> 0 | E46: =+'ex BH PW'!L55 -> 0 | F46: =+'ex BH PW'!M55 -> 0 | G46: =+'ex BH PW'!N55 -> 0 | H46: =+'ex BH PW'!P55 -> 0 | I46: =+'ex BH PW'!Q55 -> 0 | J46: =+'ex BH PW'!R55 -> 0 | K46: =+'ex BH PW'!S55 -> 0 | L46: =+'ex BH PW'!T55 -> 0 | M46: =+'ex BH PW'!U55 -> 0 | N46: =+'ex BH PW'!V55 -> 0 | O46: =+'ex BH PW'!W55 -> 0 | ... Z46: =+'ex BH PW'!AH55 -> 0
A47: =+'ex BH PW'!H56 -> Condor Leben (FLV) / Optima | B47: =+'ex BH PW'!J56 -> 58/14855 | C47: =+'ex BH PW'!I56 -> 14855, (806252 alt) | D47: =+'ex BH PW'!K56 -> 0 | E47: =+'ex BH PW'!L56 -> 0 | F47: =+'ex BH PW'!M56 -> 0 | G47: =+'ex BH PW'!N56 -> 0 | H47: =+'ex BH PW'!P56 -> 0 | I47: =+'ex BH PW'!Q56 -> 0 | J47: =+'ex BH PW'!R56 -> 0 | K47: =+'ex BH PW'!S56 -> 0 | L47: =+'ex BH PW'!T56 -> 0 | M47: =+'ex BH PW'!U56 -> 0 | N47: =+'ex BH PW'!V56 -> 0 | O47: =+'ex BH PW'!W56 -> 0 | ... Z47: =+'ex BH PW'!AH56 -> 0
A48: =+'ex BH PW'!H57 -> Condor Sach (nur Altbestand) | B48: =+'ex BH PW'!J57 -> 58/14855 | C48: =+'ex BH PW'!I57 -> 0 | D48: =+'ex BH PW'!K57 -> 0 | E48: =+'ex BH PW'!L57 -> 0 | F48: =+'ex BH PW'!M57 -> 0 | G48: =+'ex BH PW'!N57 -> 0 | H48: =+'ex BH PW'!P57 -> 0 | I48: =+'ex BH PW'!Q57 -> 0 | J48: =+'ex BH PW'!R57 -> 0 | K48: =+'ex BH PW'!S57 -> 0 | L48: =+'ex BH PW'!T57 -> 0 | M48: =+'ex BH PW'!U57 -> 0 | N48: =+'ex BH PW'!V57 -> 0 | O48: =+'ex BH PW'!W57 -> 0 | ... Z48: =+'ex BH PW'!AH57 -> 0
A49: =+'ex BH PW'!H58 -> Continentale | B49: =+'ex BH PW'!J58 -> 6100401 | C49: =+'ex BH PW'!I58 -> 0 | D49: =+'ex BH PW'!K58 -> 0 | E49: =+'ex BH PW'!L58 -> 0 | F49: =+'ex BH PW'!M58 -> 0 | G49: =+'ex BH PW'!N58 -> 0 | H49: =+'ex BH PW'!P58 -> 0 | I49: =+'ex BH PW'!Q58 -> 0 | J49: =+'ex BH PW'!R58 -> 0 | K49: =+'ex BH PW'!S58 -> 0 | L49: =+'ex BH PW'!T58 -> 0 | M49: =+'ex BH PW'!U58 -> 0 | N49: =+'ex BH PW'!V58 -> 0 | O49: =+'ex BH PW'!W58 -> 0 | ... Z49: =+'ex BH PW'!AH58 -> 0
A50: =+'ex BH PW'!H59 -> covomo | B50: =+'ex BH PW'!J59 -> 49237783 | C50: =+'ex BH PW'!I59 -> 0 | D50: =+'ex BH PW'!K59 -> 0 | E50: =+'ex BH PW'!L59 -> 0 | F50: =+'ex BH PW'!M59 -> 0 | G50: =+'ex BH PW'!N59 -> 0 | H50: =+'ex BH PW'!P59 -> 0 | I50: =+'ex BH PW'!Q59 -> 0 | J50: =+'ex BH PW'!R59 -> 0 | K50: =+'ex BH PW'!S59 -> 0 | L50: =+'ex BH PW'!T59 -> 0 | M50: =+'ex BH PW'!U59 -> 0 | N50: =+'ex BH PW'!V59 -> 0 | O50: =+'ex BH PW'!W59 -> 0 | ... Z50: =+'ex BH PW'!AH59 -> 0
A51: =+'ex BH PW'!H61 -> DEGENIA | B51: =+'ex BH PW'!J61 -> 00106876 | C51: =+'ex BH PW'!I61 -> 0 | D51: =+'ex BH PW'!K61 -> 0 | E51: =+'ex BH PW'!L61 -> 0 | F51: =+'ex BH PW'!M61 -> 0 | G51: =+'ex BH PW'!N61 -> 0 | H51: =+'ex BH PW'!P61 -> 0 | I51: =+'ex BH PW'!Q61 -> 0 | J51: =+'ex BH PW'!R61 -> 0 | K51: =+'ex BH PW'!S61 -> 0 | L51: =+'ex BH PW'!T61 -> 0 | M51: =+'ex BH PW'!U61 -> 0 | N51: =+'ex BH PW'!V61 -> 0 | O51: =+'ex BH PW'!W61 -> 0 | ... Z51: =+'ex BH PW'!AH61 -> 0
A52: =+'ex BH PW'!H63 -> Delta Direkt | B52: =+'ex BH PW'!J63 -> 23226630 | C52: =+'ex BH PW'!I63 -> 0 | D52: =+'ex BH PW'!K63 -> 0 | E52: =+'ex BH PW'!L63 -> 0 | F52: =+'ex BH PW'!M63 -> 0 | G52: =+'ex BH PW'!N63 -> 0 | H52: =+'ex BH PW'!P63 -> 0 | I52: =+'ex BH PW'!Q63 -> 0 | J52: =+'ex BH PW'!R63 -> 0 | K52: =+'ex BH PW'!S63 -> 0 | L52: =+'ex BH PW'!T63 -> 0 | M52: =+'ex BH PW'!U63 -> 0 | N52: =+'ex BH PW'!V63 -> 0 | O52: =+'ex BH PW'!W63 -> 0 | ... Z52: =+'ex BH PW'!AH63 -> 0
A53: =+'ex BH PW'!H65 -> Der Sachpool | B53: =+'ex BH PW'!J65 -> 0 | C53: =+'ex BH PW'!I65 -> 0 | D53: =+'ex BH PW'!K65 -> 0 | E53: =+'ex BH PW'!L65 -> 0 | F53: =+'ex BH PW'!M65 -> 0 | G53: =+'ex BH PW'!N65 -> 0 | H53: =+'ex BH PW'!P65 -> 0 | I53: =+'ex BH PW'!Q65 -> 0 | J53: =+'ex BH PW'!R65 -> 0 | K53: =+'ex BH PW'!S65 -> 0 | L53: =+'ex BH PW'!T65 -> 0 | M53: =+'ex BH PW'!U65 -> 0 | N53: =+'ex BH PW'!V65 -> 0 | O53: =+'ex BH PW'!W65 -> 0 | ... Z53: =+'ex BH PW'!AH65 -> 0
A54: =+'ex BH PW'!H66 -> Deurag | B54: =+'ex BH PW'!J66 -> 47502 | C54: =+'ex BH PW'!I66 -> 47502 | D54: =+'ex BH PW'!K66 -> 0 | E54: =+'ex BH PW'!L66 -> 51089 | F54: =+'ex BH PW'!M66 -> 0 | G54: =+'ex BH PW'!N66 -> 0 | H54: =+'ex BH PW'!P66 -> 0 | I54: =+'ex BH PW'!Q66 -> 0 | J54: =+'ex BH PW'!R66 -> 0 | K54: =+'ex BH PW'!S66 -> 0 | L54: =+'ex BH PW'!T66 -> 0 | M54: =+'ex BH PW'!U66 -> 0 | N54: =+'ex BH PW'!V66 -> 0 | O54: =+'ex BH PW'!W66 -> 0 | ... Z54: =+'ex BH PW'!AH66 -> 0
A55: =+[1]passwörter_agenturen!#REF! -> #REF! | B55: =+[1]passwörter_agenturen!#REF! -> #REF! | C55: =+[1]passwörter_agenturen!#REF! -> #REF! | D55: =+[1]passwörter_agenturen!#REF! -> #REF! | E55: =+[1]passwörter_agenturen!#REF! -> #REF! | F55: =+[1]passwörter_agenturen!#REF! -> #REF! | G55: =+[1]passwörter_agenturen!#REF! -> #REF! | H55: =+[1]passwörter_agenturen!#REF! -> #REF! | ... Z55: =+[1]passwörter_agenturen!#REF! -> #REF!
A56: =+'ex BH PW'!H67 -> Deutsche Lebensversicherung AG (Allianz) | B56: =+'ex BH PW'!J67 -> 70/2020418 | C56: =+'ex BH PW'!I67 -> 0 | D56: =+'ex BH PW'!K67 -> 0 | E56: =+'ex BH PW'!L67 -> 0 | F56: =+'ex BH PW'!M67 -> 0 | G56: =+'ex BH PW'!N67 -> 0 | H56: =+'ex BH PW'!P67 -> 0 | I56: =+'ex BH PW'!Q67 -> 0 | J56: =+'ex BH PW'!R67 -> 0 | K56: =+'ex BH PW'!S67 -> 0 | L56: =+'ex BH PW'!T67 -> 0 | M56: =+'ex BH PW'!U67 -> 0 | N56: =+'ex BH PW'!V67 -> 0 | O56: =+'ex BH PW'!W67 -> 0 | ... Z56: =+'ex BH PW'!AH67 -> 0
A57: =+'ex BH PW'!H69 -> Deutscher Ring Kranken | B57: =+'ex BH PW'!J69 -> 8656194 | C57: =+'ex BH PW'!I69 -> 8656194 | D57: =+'ex BH PW'!K69 -> 0 | E57: =+'ex BH PW'!L69 -> 0 | F57: =+'ex BH PW'!M69 -> 0 | G57: =+'ex BH PW'!N69 -> 0 | H57: =+'ex BH PW'!P69 -> 0 | I57: =+'ex BH PW'!Q69 -> 0 | J57: =+'ex BH PW'!R69 -> 0 | K57: =+'ex BH PW'!S69 -> 0 | L57: =+'ex BH PW'!T69 -> 0 | M57: =+'ex BH PW'!U69 -> 0 | N57: =+'ex BH PW'!V69 -> 0 | O57: =+'ex BH PW'!W69 -> 0 | ... Z57: =+'ex BH PW'!AH69 -> 0
A58: =+'ex BH PW'!H71 -> Dialog Leben | B58: =+'ex BH PW'!J71 -> 48/0203 | C58: =+'ex BH PW'!I71 -> 480203 | D58: =+'ex BH PW'!K71 -> 0 | E58: =+'ex BH PW'!L71 -> 0 | F58: =+'ex BH PW'!M71 -> 0 | G58: =+'ex BH PW'!N71 -> 0 | H58: =+'ex BH PW'!P71 -> 0 | I58: =+'ex BH PW'!Q71 -> 0 | J58: =+'ex BH PW'!R71 -> 0 | K58: =+'ex BH PW'!S71 -> 0 | L58: =+'ex BH PW'!T71 -> 0 | M58: =+'ex BH PW'!U71 -> 0 | N58: =+'ex BH PW'!V71 -> 0 | O58: =+'ex BH PW'!W71 -> 0 | ... Z58: =+'ex BH PW'!AH71 -> 0
A59: =+'ex BH PW'!H76 -> die Bayerische | B59: =+'ex BH PW'!J76 -> 940862 | C59: =+'ex BH PW'!I76 -> 095910 | D59: =+'ex BH PW'!K76 -> 0 | E59: =+'ex BH PW'!L76 -> 002992 / 95022 (Patronus) | F59: =+'ex BH PW'!M76 -> 0 | G59: =+'ex BH PW'!N76 -> 0 | H59: =+'ex BH PW'!P76 -> 0 | I59: =+'ex BH PW'!Q76 -> 0 | J59: =+'ex BH PW'!R76 -> 0 | K59: =+'ex BH PW'!S76 -> 0 | L59: =+'ex BH PW'!T76 -> 0 | M59: =+'ex BH PW'!U76 -> 0 | N59: =+'ex BH PW'!V76 -> 0 | O59: =+'ex BH PW'!W76 -> 0 | ... Z59: =+'ex BH PW'!AH76 -> 0
A60: =+'ex BH PW'!H77 -> Die Hinterbliebenenkasse HDH | B60: =+'ex BH PW'!J77 -> 1700999 | C60: =+'ex BH PW'!I77 -> 1700999 | D60: =+'ex BH PW'!K77 -> 0 | E60: =+'ex BH PW'!L77 -> 0 | F60: =+'ex BH PW'!M77 -> 0 | G60: =+'ex BH PW'!N77 -> 0 | H60: =+'ex BH PW'!P77 -> 0 | I60: =+'ex BH PW'!Q77 -> 0 | J60: =+'ex BH PW'!R77 -> 0 | K60: =+'ex BH PW'!S77 -> 0 | L60: =+'ex BH PW'!T77 -> 0 | M60: =+'ex BH PW'!U77 -> 0 | N60: =+'ex BH PW'!V77 -> 0 | O60: =+'ex BH PW'!W77 -> 0 | ... Z60: =+'ex BH PW'!AH77 -> 0
A61: =+'ex BH PW'!H78 -> DKB | B61: =+'ex BH PW'!J78 -> 21 122 | C61: =+'ex BH PW'!I78 -> 0 | D61: =+'ex BH PW'!K78 -> 0 | E61: =+'ex BH PW'!L78 -> 0 | F61: =+'ex BH PW'!M78 -> 0 | G61: =+'ex BH PW'!N78 -> 0 | H61: =+'ex BH PW'!P78 -> 0 | I61: =+'ex BH PW'!Q78 -> 0 | J61: =+'ex BH PW'!R78 -> 0 | K61: =+'ex BH PW'!S78 -> 0 | L61: =+'ex BH PW'!T78 -> 0 | M61: =+'ex BH PW'!U78 -> 0 | N61: =+'ex BH PW'!V78 -> 0 | O61: =+'ex BH PW'!W78 -> 0 | ... Z61: =+'ex BH PW'!AH78 -> 0
A62: =+'ex BH PW'!H79 -> DMB Rechtsschutz | B62: =+'ex BH PW'!J79 -> 0 | C62: =+'ex BH PW'!I79 -> 9458 | D62: =+'ex BH PW'!K79 -> 0 | E62: =+'ex BH PW'!L79 -> 0 | F62: =+'ex BH PW'!M79 -> 0 | G62: =+'ex BH PW'!N79 -> 0 | H62: =+'ex BH PW'!P79 -> 0 | I62: =+'ex BH PW'!Q79 -> 0 | J62: =+'ex BH PW'!R79 -> 0 | K62: =+'ex BH PW'!S79 -> 0 | L62: =+'ex BH PW'!T79 -> 0 | M62: =+'ex BH PW'!U79 -> 0 | N62: =+'ex BH PW'!V79 -> 0 | O62: =+'ex BH PW'!W79 -> 0 | ... Z62: =+'ex BH PW'!AH79 -> 0
A63: =+'ex BH PW'!H80 -> Domcura AG | B63: =+'ex BH PW'!J80 -> 0 | C63: =+'ex BH PW'!I80 -> VEMA2202 | D63: =+'ex BH PW'!K80 -> 0 | E63: =+'ex BH PW'!L80 -> 0 | F63: =+'ex BH PW'!M80 -> 0 | G63: =+'ex BH PW'!N80 -> 0 | H63: =+'ex BH PW'!P80 -> 0 | I63: =+'ex BH PW'!Q80 -> 0 | J63: =+'ex BH PW'!R80 -> 0 | K63: =+'ex BH PW'!S80 -> 0 | L63: =+'ex BH PW'!T80 -> 0 | M63: =+'ex BH PW'!U80 -> 0 | N63: =+'ex BH PW'!V80 -> 0 | O63: =+'ex BH PW'!W80 -> 0 | ... Z63: =+'ex BH PW'!AH80 -> 0
A64: =+'ex BH PW'!H82 -> ebase (Jung DMS) | B64: =+'ex BH PW'!J82 -> 383816283 | C64: =+'ex BH PW'!I82 -> 0 | D64: =+'ex BH PW'!K82 -> 0 | E64: =+'ex BH PW'!L82 -> 0 | F64: =+'ex BH PW'!M82 -> 0 | G64: =+'ex BH PW'!N82 -> 0 | H64: =+'ex BH PW'!P82 -> 0 | I64: =+'ex BH PW'!Q82 -> 0 | J64: =+'ex BH PW'!R82 -> 0 | K64: =+'ex BH PW'!S82 -> 0 | L64: =+'ex BH PW'!T82 -> 0 | M64: =+'ex BH PW'!U82 -> 0 | N64: =+'ex BH PW'!V82 -> 0 | O64: =+'ex BH PW'!W82 -> 0 | ... Z64: =+'ex BH PW'!AH82 -> 0
A65: =+'ex BH PW'!H83 -> ebase (Jung DMS) | B65: =+'ex BH PW'!J83 -> 37337993201 | C65: =+'ex BH PW'!I83 -> 0 | D65: =+'ex BH PW'!K83 -> 0 | E65: =+'ex BH PW'!L83 -> 0 | F65: =+'ex BH PW'!M83 -> 0 | G65: =+'ex BH PW'!N83 -> 0 | H65: =+'ex BH PW'!P83 -> 0 | I65: =+'ex BH PW'!Q83 -> 0 | J65: =+'ex BH PW'!R83 -> 0 | K65: =+'ex BH PW'!S83 -> 0 | L65: =+'ex BH PW'!T83 -> 0 | M65: =+'ex BH PW'!U83 -> 0 | N65: =+'ex BH PW'!V83 -> 0 | O65: =+'ex BH PW'!W83 -> 0 | ... Z65: =+'ex BH PW'!AH83 -> 0
A66: =+'ex BH PW'!H84 -> ebase (Jung DMS) | B66: =+'ex BH PW'!J84 -> 383816284 | C66: =+'ex BH PW'!I84 -> 0 | D66: =+'ex BH PW'!K84 -> 0 | E66: =+'ex BH PW'!L84 -> 0 | F66: =+'ex BH PW'!M84 -> 0 | G66: =+'ex BH PW'!N84 -> 0 | H66: =+'ex BH PW'!P84 -> 0 | I66: =+'ex BH PW'!Q84 -> 0 | J66: =+'ex BH PW'!R84 -> 0 | K66: =+'ex BH PW'!S84 -> 0 | L66: =+'ex BH PW'!T84 -> 0 | M66: =+'ex BH PW'!U84 -> 0 | N66: =+'ex BH PW'!V84 -> 0 | O66: =+'ex BH PW'!W84 -> 0 | ... Z66: =+'ex BH PW'!AH84 -> 0
A67: =+'ex BH PW'!H85 -> ebase (Jung DMS) | B67: =+'ex BH PW'!J85 -> 383816286 | C67: =+'ex BH PW'!I85 -> 0 | D67: =+'ex BH PW'!K85 -> 0 | E67: =+'ex BH PW'!L85 -> 0 | F67: =+'ex BH PW'!M85 -> 0 | G67: =+'ex BH PW'!N85 -> 0 | H67: =+'ex BH PW'!P85 -> 0 | I67: =+'ex BH PW'!Q85 -> 0 | J67: =+'ex BH PW'!R85 -> 0 | K67: =+'ex BH PW'!S85 -> 0 | L67: =+'ex BH PW'!T85 -> 0 | M67: =+'ex BH PW'!U85 -> 0 | N67: =+'ex BH PW'!V85 -> 0 | O67: =+'ex BH PW'!W85 -> 0 | ... Z67: =+'ex BH PW'!AH85 -> 0
A68: =+'ex BH PW'!H87 -> Ergo | B68: =+'ex BH PW'!J87 -> 0 | C68: =+'ex BH PW'!I87 -> 0 | D68: =+'ex BH PW'!K87 -> 0 | E68: =+'ex BH PW'!L87 -> 0 | F68: =+'ex BH PW'!M87 -> 0 | G68: =+'ex BH PW'!N87 -> 0 | H68: =+'ex BH PW'!P87 -> 0 | I68: =+'ex BH PW'!Q87 -> 0 | J68: =+'ex BH PW'!R87 -> 0 | K68: =+'ex BH PW'!S87 -> 0 | L68: =+'ex BH PW'!T87 -> 0 | M68: =+'ex BH PW'!U87 -> 0 | N68: =+'ex BH PW'!V87 -> 0 | O68: =+'ex BH PW'!W87 -> 0 | ... Z68: =+'ex BH PW'!AH87 -> 0
A69: =+'ex BH PW'!H88 -> Ergo (ab 01.04.14 für Ergo, Ergo-L, DKV, DAS und Victoria) | B69: =+'ex BH PW'!J88 -> 00555-1323 | C69: =+'ex BH PW'!I88 -> 00555-1323 | D69: =+'ex BH PW'!K88 -> 0 | E69: =+'ex BH PW'!L88 -> 0 | F69: =+'ex BH PW'!M88 -> 0 | G69: =+'ex BH PW'!N88 -> 0 | H69: =+'ex BH PW'!P88 -> 0 | I69: =+'ex BH PW'!Q88 -> 0 | J69: =+'ex BH PW'!R88 -> 0 | K69: =+'ex BH PW'!S88 -> 0 | L69: =+'ex BH PW'!T88 -> 0 | M69: =+'ex BH PW'!U88 -> 0 | N69: =+'ex BH PW'!V88 -> 0 | O69: =+'ex BH PW'!W88 -> 0 | ... Z69: =+'ex BH PW'!AH88 -> 0
A70: =+'ex BH PW'!H89 -> Ergo KV (ex DKV) | B70: =+'ex BH PW'!J89 -> 245353852 | C70: =+'ex BH PW'!I91 -> 886221478 | D70: =+'ex BH PW'!K89 -> 0 | E70: =+'ex BH PW'!L89 -> 0 | F70: =+'ex BH PW'!M89 -> 0 | G70: =+'ex BH PW'!N89 -> 0 | H70: =+'ex BH PW'!P89 -> 0 | I70: =+'ex BH PW'!Q89 -> 0 | J70: =+'ex BH PW'!R89 -> 0 | K70: =+'ex BH PW'!S89 -> 0 | L70: =+'ex BH PW'!T89 -> 0 | M70: =+'ex BH PW'!U89 -> 0 | N70: =+'ex BH PW'!V89 -> 0 | O70: =+'ex BH PW'!W89 -> 0 | ... Z70: =+'ex BH PW'!AH89 -> 0
A71: =+'ex BH PW'!H92 -> Ergo Direkt | B71: =+'ex BH PW'!J92 -> 60001-3404 | C71: =+'ex BH PW'!I92 -> 60001-3404 | D71: =+'ex BH PW'!K92 -> 0 | E71: =+'ex BH PW'!L92 -> 0 | F71: =+'ex BH PW'!M92 -> 0 | G71: =+'ex BH PW'!N92 -> 0 | H71: =+'ex BH PW'!P92 -> 0 | I71: =+'ex BH PW'!Q92 -> 0 | J71: =+'ex BH PW'!R92 -> 0 | K71: =+'ex BH PW'!S92 -> 0 | L71: =+'ex BH PW'!T92 -> 0 | M71: =+'ex BH PW'!U92 -> 0 | N71: =+'ex BH PW'!V92 -> 0 | O71: =+'ex BH PW'!W92 -> 0 | ... Z71: =+'ex BH PW'!AH92 -> 0
A72: =+'ex BH PW'!H94 -> Europ Assistance Versicherungs-AG | B72: =+'ex BH PW'!J94 -> 122700 | C72: =+'ex BH PW'!I94 -> 0 | D72: =+'ex BH PW'!K94 -> 0 | E72: =+'ex BH PW'!L94 -> 0 | F72: =+'ex BH PW'!M94 -> 0 | G72: =+'ex BH PW'!N94 -> 0 | H72: =+'ex BH PW'!P94 -> 0 | I72: =+'ex BH PW'!Q94 -> 0 | J72: =+'ex BH PW'!R94 -> 0 | K72: =+'ex BH PW'!S94 -> 0 | L72: =+'ex BH PW'!T94 -> 0 | M72: =+'ex BH PW'!U94 -> 0 | N72: =+'ex BH PW'!V94 -> 0 | O72: =+'ex BH PW'!W94 -> 0 | ... Z72: =+'ex BH PW'!AH94 -> 0
A73: =+'ex BH PW'!H95 -> Europa (über Continentale) | B73: =+'ex BH PW'!J95 -> 9200754 | C73: =+'ex BH PW'!I95 -> 0 | D73: =+'ex BH PW'!K95 -> 0 | E73: =+'ex BH PW'!L95 -> 0 | F73: =+'ex BH PW'!M95 -> 0 | G73: =+'ex BH PW'!N95 -> 0 | H73: =+'ex BH PW'!P95 -> 0 | I73: =+'ex BH PW'!Q95 -> 0 | J73: =+'ex BH PW'!R95 -> 0 | K73: =+'ex BH PW'!S95 -> 0 | L73: =+'ex BH PW'!T95 -> 0 | M73: =+'ex BH PW'!U95 -> 0 | N73: =+'ex BH PW'!V95 -> 0 | O73: =+'ex BH PW'!W95 -> 0 | ... Z73: =+'ex BH PW'!AH95 -> 0
A74: =+'ex BH PW'!H96 -> FdB Fondsdepot Bank (Jung DMS) | B74: =+'ex BH PW'!J96 -> V201193478 | C74: =+'ex BH PW'!I96 -> 0 | D74: =+'ex BH PW'!K96 -> 0 | E74: =+'ex BH PW'!L96 -> 0 | F74: =+'ex BH PW'!M96 -> 0 | G74: =+'ex BH PW'!N96 -> 0 | H74: =+'ex BH PW'!P96 -> 0 | I74: =+'ex BH PW'!Q96 -> 0 | J74: =+'ex BH PW'!R96 -> 0 | K74: =+'ex BH PW'!S96 -> 0 | L74: =+'ex BH PW'!T96 -> 0 | M74: =+'ex BH PW'!U96 -> 0 | N74: =+'ex BH PW'!V96 -> 0 | O74: =+'ex BH PW'!W96 -> 0 | ... Z74: =+'ex BH PW'!AH96 -> 0
A75: =+'ex BH PW'!H97 -> FFB Frankfurter Fondsbank (Jung DMS) | B75: =+'ex BH PW'!J97 -> V8446566 | C75: =+'ex BH PW'!I97 -> 0 | D75: =+'ex BH PW'!K97 -> 0 | E75: =+'ex BH PW'!L97 -> 0 | F75: =+'ex BH PW'!M97 -> 0 | G75: =+'ex BH PW'!N97 -> 0 | H75: =+'ex BH PW'!P97 -> 0 | I75: =+'ex BH PW'!Q97 -> 0 | J75: =+'ex BH PW'!R97 -> 0 | K75: =+'ex BH PW'!S97 -> 0 | L75: =+'ex BH PW'!T97 -> 0 | M75: =+'ex BH PW'!U97 -> 0 | N75: =+'ex BH PW'!V97 -> 0 | O75: =+'ex BH PW'!W97 -> 0 | ... Z75: =+'ex BH PW'!AH97 -> 0
A76: =+'ex BH PW'!H98 -> Fondskonzept AG (Invers) | B76: =+'ex BH PW'!J98 -> 98144 | C76: =+'ex BH PW'!I98 -> 0 | D76: =+'ex BH PW'!K98 -> 0 | E76: =+'ex BH PW'!L98 -> MSC | F76: =+'ex BH PW'!M98 -> 0 | G76: =+'ex BH PW'!N98 -> 0 | H76: =+'ex BH PW'!P98 -> 0 | I76: =+'ex BH PW'!Q98 -> 0 | J76: =+'ex BH PW'!R98 -> 0 | K76: =+'ex BH PW'!S98 -> 0 | L76: =+'ex BH PW'!T98 -> 0 | M76: =+'ex BH PW'!U98 -> 0 | N76: =+'ex BH PW'!V98 -> 0 | O76: =+'ex BH PW'!W98 -> 0 | ... Z76: =+'ex BH PW'!AH98 -> 0
A77: =+'ex BH PW'!H99 -> Fondskonzept AG (VEMA) | B77: =+'ex BH PW'!J99 -> 0 | C77: =+'ex BH PW'!I99 -> 98162 | D77: =+'ex BH PW'!K99 -> 0 | E77: =+'ex BH PW'!L99 -> 0 | F77: =+'ex BH PW'!M99 -> 0 | G77: =+'ex BH PW'!N99 -> 0 | H77: =+'ex BH PW'!P99 -> 0 | I77: =+'ex BH PW'!Q99 -> 0 | J77: =+'ex BH PW'!R99 -> 0 | K77: =+'ex BH PW'!S99 -> 0 | L77: =+'ex BH PW'!T99 -> 0 | M77: =+'ex BH PW'!U99 -> 0 | N77: =+'ex BH PW'!V99 -> 0 | O77: =+'ex BH PW'!W99 -> 0 | ... Z77: =+'ex BH PW'!AH99 -> 0
A78: =+'ex BH PW'!H100 -> Fondskonzept AG (Atvantis) | B78: =+'ex BH PW'!J100 -> 0 | C78: =+'ex BH PW'!I100 -> 0 | D78: =+'ex BH PW'!K100 -> 0 | E78: =+'ex BH PW'!L100 -> 0 | F78: =+'ex BH PW'!M100 -> 0 | G78: =+'ex BH PW'!N100 -> 0 | H78: =+'ex BH PW'!P100 -> 0 | I78: =+'ex BH PW'!Q100 -> 98010 | J78: =+'ex BH PW'!R100 -> 0 | K78: =+'ex BH PW'!S100 -> 0 | L78: =+'ex BH PW'!T100 -> 0 | M78: =+'ex BH PW'!U100 -> 0 | N78: =+'ex BH PW'!V100 -> 0 | O78: =+'ex BH PW'!W100 -> 0 | ... Z78: =+'ex BH PW'!AH100 -> 0
A79: =+'ex BH PW'!H101 -> Fortuna | B79: =+'ex BH PW'!J101 -> 3362 | C79: =+'ex BH PW'!I101 -> 0 | D79: =+'ex BH PW'!K101 -> 0 | E79: =+'ex BH PW'!L101 -> 0 | F79: =+'ex BH PW'!M101 -> 0 | G79: =+'ex BH PW'!N101 -> 0 | H79: =+'ex BH PW'!P101 -> 0 | I79: =+'ex BH PW'!Q101 -> 0 | J79: =+'ex BH PW'!R101 -> 0 | K79: =+'ex BH PW'!S101 -> 0 | L79: =+'ex BH PW'!T101 -> 0 | M79: =+'ex BH PW'!U101 -> 0 | N79: =+'ex BH PW'!V101 -> 0 | O79: =+'ex BH PW'!W101 -> 0 | ... Z79: =+'ex BH PW'!AH101 -> 0
A80: =+'ex BH PW'!H102 -> Franke & Bornberg | B80: =+'ex BH PW'!J102 -> 0 | C80: =+'ex BH PW'!I102 -> 0 | D80: =+'ex BH PW'!K102 -> 0 | E80: =+'ex BH PW'!L102 -> 0 | F80: =+'ex BH PW'!M102 -> 0 | G80: =+'ex BH PW'!N102 -> 0 | H80: =+'ex BH PW'!P102 -> 0 | I80: =+'ex BH PW'!Q102 -> 0 | J80: =+'ex BH PW'!R102 -> 0 | K80: =+'ex BH PW'!S102 -> 0 | L80: =+'ex BH PW'!T102 -> 0 | M80: =+'ex BH PW'!U102 -> 0 | N80: =+'ex BH PW'!V102 -> 0 | O80: =+'ex BH PW'!W102 -> 0 | ... Z80: =+'ex BH PW'!AH102 -> 0
A81: =+'ex BH PW'!H103 -> Franke & Bornberg (versdiagnose) | B81: =+'ex BH PW'!J103 -> 0 | C81: =+'ex BH PW'!I103 -> 0 | D81: =+'ex BH PW'!K103 -> 0 | E81: =+'ex BH PW'!L103 -> 0 | F81: =+'ex BH PW'!M103 -> 0 | G81: =+'ex BH PW'!N103 -> 0 | H81: =+'ex BH PW'!P103 -> 0 | I81: =+'ex BH PW'!Q103 -> 0 | J81: =+'ex BH PW'!R103 -> 0 | K81: =+'ex BH PW'!S103 -> 0 | L81: =+'ex BH PW'!T103 -> 0 | M81: =+'ex BH PW'!U103 -> 0 | N81: =+'ex BH PW'!V103 -> 0 | O81: =+'ex BH PW'!W103 -> 0 | ... Z81: =+'ex BH PW'!AH103 -> 0
A82: =+'ex BH PW'!H104 -> Fritzbox | B82: =+'ex BH PW'!J104 -> 0 | C82: =+'ex BH PW'!I104 -> 0 | D82: =+'ex BH PW'!K104 -> 0 | E82: =+'ex BH PW'!L104 -> 0 | F82: =+'ex BH PW'!M104 -> 0 | G82: =+'ex BH PW'!N104 -> 0 | H82: =+'ex BH PW'!P104 -> 0 | I82: =+'ex BH PW'!Q104 -> 0 | J82: =+'ex BH PW'!R104 -> 0 | K82: =+'ex BH PW'!S104 -> 0 | L82: =+'ex BH PW'!T104 -> 0 | M82: =+'ex BH PW'!U104 -> 0 | N82: =+'ex BH PW'!V104 -> 0 | O82: =+'ex BH PW'!W104 -> 0 | ... Z82: =+'ex BH PW'!AH104 -> 0
A83: =+'ex BH PW'!H105 -> GAMAX (JDC) | B83: =+'ex BH PW'!J105 -> 309936 | C83: =+'ex BH PW'!I105 -> 0 | D83: =+'ex BH PW'!K105 -> 0 | E83: =+'ex BH PW'!L105 -> 0 | F83: =+'ex BH PW'!M105 -> 0 | G83: =+'ex BH PW'!N105 -> 0 | H83: =+'ex BH PW'!P105 -> 0 | I83: =+'ex BH PW'!Q105 -> 0 | J83: =+'ex BH PW'!R105 -> 0 | K83: =+'ex BH PW'!S105 -> 0 | L83: =+'ex BH PW'!T105 -> 0 | M83: =+'ex BH PW'!U105 -> 0 | N83: =+'ex BH PW'!V105 -> 0 | O83: =+'ex BH PW'!W105 -> 0 | ... Z83: =+'ex BH PW'!AH105 -> 0
A84: =+[1]passwörter_agenturen!#REF! -> #REF! | B84: =+[1]passwörter_agenturen!#REF! -> #REF! | C84: =+[1]passwörter_agenturen!#REF! -> #REF! | D84: =+[1]passwörter_agenturen!#REF! -> #REF! | E84: =+[1]passwörter_agenturen!#REF! -> #REF! | F84: =+[1]passwörter_agenturen!#REF! -> #REF! | G84: =+[1]passwörter_agenturen!#REF! -> #REF! | H84: =+[1]passwörter_agenturen!#REF! -> #REF! | ... Z84: =+[1]passwörter_agenturen!#REF! -> #REF!
A85: =+'ex BH PW'!H72 -> Dialog (Altbestand GENERAI) | B85: =+'ex BH PW'!J72 -> 122700 | C85: =+'ex BH PW'!I72 -> 106151 | D85: =+'ex BH PW'!K72 -> 0 | E85: =+'ex BH PW'!L72 -> 0 | F85: =+'ex BH PW'!M72 -> 0 | G85: =+'ex BH PW'!N72 -> 0 | H85: =+'ex BH PW'!P72 -> 103677, 293181 | I85: =+'ex BH PW'!Q72 -> 103680 | J85: =+'ex BH PW'!R72 -> 103681 | K85: =+'ex BH PW'!S72 -> 0 | L85: =+'ex BH PW'!T72 -> 0 | M85: =+'ex BH PW'!U72 -> 0 | N85: =+'ex BH PW'!V72 -> 103682 | O85: =+'ex BH PW'!W72 -> alt 186604 | ... Z85: =+'ex BH PW'!AH72 -> 0
A86: =+'ex BH PW'!H73 -> Dialog Heilwesen | B86: =+'ex BH PW'!J73 -> 785946 | C86: =+'ex BH PW'!I73 -> 0 | D86: =+'ex BH PW'!K73 -> 0 | E86: =+'ex BH PW'!L73 -> 0 | F86: =+'ex BH PW'!M73 -> 0 | G86: =+'ex BH PW'!N73 -> 0 | H86: =+'ex BH PW'!P73 -> 0 | I86: =+'ex BH PW'!Q73 -> 0 | J86: =+'ex BH PW'!R73 -> 0 | K86: =+'ex BH PW'!S73 -> 0 | L86: =+'ex BH PW'!T73 -> 0 | M86: =+'ex BH PW'!U73 -> 0 | N86: =+'ex BH PW'!V73 -> 0 | O86: =+'ex BH PW'!W73 -> 0 | ... Z86: =+'ex BH PW'!AH73 -> 0
A87: =+'ex BH PW'!H74 -> Dialog Mitarbeiter Kfz | B87: =+'ex BH PW'!J74 -> 156902 | C87: =+'ex BH PW'!I74 -> 0 | D87: =+'ex BH PW'!K74 -> 0 | E87: =+'ex BH PW'!L74 -> 0 | F87: =+'ex BH PW'!M74 -> 0 | G87: =+'ex BH PW'!N74 -> 0 | H87: =+'ex BH PW'!P74 -> 103679 | I87: =+'ex BH PW'!Q74 -> 103959 | J87: =+'ex BH PW'!R74 -> 0 | K87: =+'ex BH PW'!S74 -> 0 | L87: =+'ex BH PW'!T74 -> 0 | M87: =+'ex BH PW'!U74 -> 0 | N87: =+'ex BH PW'!V74 -> 0 | O87: =+'ex BH PW'!W74 -> 0 | ... Z87: =+'ex BH PW'!AH74 -> 0
A88: =+'ex BH PW'!H107 -> Gothaer Krankenversicherung | B88: =+'ex BH PW'!J107 -> 0 | C88: =+'ex BH PW'!I107 -> 38580 | D88: =+'ex BH PW'!K107 -> 0 | E88: =+'ex BH PW'!L107 -> 57319 | F88: =+'ex BH PW'!M107 -> 0 | G88: =+'ex BH PW'!N107 -> 0 | H88: =+'ex BH PW'!P107 -> 0 | I88: =+'ex BH PW'!Q107 -> 0 | J88: =+'ex BH PW'!R107 -> 0 | K88: =+'ex BH PW'!S107 -> 0 | L88: =+'ex BH PW'!T107 -> 0 | M88: =+'ex BH PW'!U107 -> 0 | N88: =+'ex BH PW'!V107 -> 0 | O88: =+'ex BH PW'!W107 -> 0 | ... Z88: =+'ex BH PW'!AH107 -> 0
A89: =+'ex BH PW'!H110 -> GVO Gegenseitigkeit Versicherung Oldenburg | B89: =+'ex BH PW'!J110 | C89: =+'ex BH PW'!I110 -> 3638 | D89: =+'ex BH PW'!K110 -> 0 | E89: =+'ex BH PW'!L110 -> 0 | F89: =+'ex BH PW'!M110 -> 0 | G89: =+'ex BH PW'!N110 -> 0 | H89: =+'ex BH PW'!P110 -> 0 | I89: =+'ex BH PW'!Q110 -> 0 | J89: =+'ex BH PW'!R110 -> 0 | K89: =+'ex BH PW'!S110 -> 0 | L89: =+'ex BH PW'!T110 -> 0 | M89: =+'ex BH PW'!U110 -> 0 | N89: =+'ex BH PW'!V110 -> 0 | O89: =+'ex BH PW'!W110 -> 0 | ... Z89: =+'ex BH PW'!AH110 -> 0
A90: =+'ex BH PW'!H111 -> Die Haftpflichtkasse Darmstadt | B90: =+'ex BH PW'!J111 -> 009534-457 | C90: =+'ex BH PW'!I111 -> 009534-457 | D90: =+'ex BH PW'!K111 -> 0 | E90: =+'ex BH PW'!L111 -> 007993-201 | F90: =+'ex BH PW'!M111 -> 0 | G90: =+'ex BH PW'!N111 -> 9104-057 | H90: =+'ex BH PW'!P111 -> 0 | I90: =+'ex BH PW'!Q111 -> 0 | J90: =+'ex BH PW'!R111 -> 0 | K90: =+'ex BH PW'!S111 -> 0 | L90: =+'ex BH PW'!T111 -> 007993-209; ex 007782-031 | M90: =+'ex BH PW'!U111 -> 0 | N90: =+'ex BH PW'!V111 -> 0 | O90: =+'ex BH PW'!W111 -> 0 | ... Z90: =+'ex BH PW'!AH111 -> 0
A91: =+'ex BH PW'!H112 -> Hallesche KV | B91: =+'ex BH PW'!J112 -> 482367 | C91: =+'ex BH PW'!I112 -> 160999 | D91: =+'ex BH PW'!K112 -> 0 | E91: =+'ex BH PW'!L112 -> 0 | F91: =+'ex BH PW'!M112 -> 0 | G91: =+'ex BH PW'!N112 -> 0 | H91: =+'ex BH PW'!P112 -> 0 | I91: =+'ex BH PW'!Q112 -> 0 | J91: =+'ex BH PW'!R112 -> 0 | K91: =+'ex BH PW'!S112 -> 0 | L91: =+'ex BH PW'!T112 -> 0 | M91: =+'ex BH PW'!U112 -> 0 | N91: =+'ex BH PW'!V112 -> 0 | O91: =+'ex BH PW'!W112 -> 0 | ... Z91: =+'ex BH PW'!AH112 -> 0
A92: =+'ex BH PW'!H114 -> Hannoverische Leben / SLP | B92: =+'ex BH PW'!J114 -> VL100142-108 | C92: =+'ex BH PW'!I114 -> 0 | D92: =+'ex BH PW'!K114 -> 0 | E92: =+'ex BH PW'!L114 -> 0 | F92: =+'ex BH PW'!M114 -> 0 | G92: =+'ex BH PW'!N114 -> 0 | H92: =+'ex BH PW'!P114 -> 0 | I92: =+'ex BH PW'!Q114 -> 0 | J92: =+'ex BH PW'!R114 -> 0 | K92: =+'ex BH PW'!S114 -> 0 | L92: =+'ex BH PW'!T114 -> 0 | M92: =+'ex BH PW'!U114 -> 0 | N92: =+'ex BH PW'!V114 -> 0 | O92: =+'ex BH PW'!W114 -> 0 | ... Z92: =+'ex BH PW'!AH114 -> 0
A93: =+'ex BH PW'!H115 -> Hanse Merkur | B93: =+'ex BH PW'!J115 -> 3365483 | C93: =+'ex BH PW'!I115 -> 0 | D93: =+'ex BH PW'!K115 -> 0 | E93: =+'ex BH PW'!L115 -> 0 | F93: =+'ex BH PW'!M115 -> 0 | G93: =+'ex BH PW'!N115 -> 0 | H93: =+'ex BH PW'!P115 -> 0 | I93: =+'ex BH PW'!Q115 -> 0 | J93: =+'ex BH PW'!R115 -> 0 | K93: =+'ex BH PW'!S115 -> 0 | L93: =+'ex BH PW'!T115 -> 0 | M93: =+'ex BH PW'!U115 -> 0 | N93: =+'ex BH PW'!V115 -> 0 | O93: =+'ex BH PW'!W115 -> 0 | ... Z93: =+'ex BH PW'!AH115 -> 0
A94: =+'ex BH PW'!H116 -> HanseMerkur Kranken | B94: =+'ex BH PW'!J116 -> 3365483 | C94: =+'ex BH PW'!I116 -> 0 | D94: =+'ex BH PW'!K116 -> 0 | E94: =+'ex BH PW'!L116 -> 0 | F94: =+'ex BH PW'!M116 -> 0 | G94: =+'ex BH PW'!N116 -> 0 | H94: =+'ex BH PW'!P116 -> 0 | I94: =+'ex BH PW'!Q116 -> 0 | J94: =+'ex BH PW'!R116 -> 0 | K94: =+'ex BH PW'!S116 -> 0 | L94: =+'ex BH PW'!T116 -> 0 | M94: =+'ex BH PW'!U116 -> 0 | N94: =+'ex BH PW'!V116 -> 0 | O94: =+'ex BH PW'!W116 -> 0 | ... Z94: =+'ex BH PW'!AH116 -> 0
A95: =+'ex BH PW'!H117 -> HanseMerkur Reise | B95: =+'ex BH PW'!J117 -> 3365483 | C95: =+'ex BH PW'!I117 -> 0 | D95: =+'ex BH PW'!K117 -> 0 | E95: =+'ex BH PW'!L117 -> 0 | F95: =+'ex BH PW'!M117 -> 0 | G95: =+'ex BH PW'!N117 -> 0 | H95: =+'ex BH PW'!P117 -> 0 | I95: =+'ex BH PW'!Q117 -> 0 | J95: =+'ex BH PW'!R117 -> 0 | K95: =+'ex BH PW'!S117 -> 0 | L95: =+'ex BH PW'!T117 -> 0 | M95: =+'ex BH PW'!U117 -> 0 | N95: =+'ex BH PW'!V117 -> 0 | O95: =+'ex BH PW'!W117 -> 0 | ... Z95: =+'ex BH PW'!AH117 -> 0
A96: =+[1]passwörter_agenturen!#REF! -> #REF! | B96: =+[1]passwörter_agenturen!#REF! -> #REF! | C96: =+[1]passwörter_agenturen!#REF! -> #REF! | D96: =+[1]passwörter_agenturen!#REF! -> #REF! | E96: =+[1]passwörter_agenturen!#REF! -> #REF! | F96: =+[1]passwörter_agenturen!#REF! -> #REF! | G96: =+[1]passwörter_agenturen!#REF! -> #REF! | H96: =+[1]passwörter_agenturen!#REF! -> #REF! | ... Z96: =+[1]passwörter_agenturen!#REF! -> #REF!
A97: =+[1]passwörter_agenturen!#REF! -> #REF! | B97: =+[1]passwörter_agenturen!#REF! -> #REF! | C97: =+[1]passwörter_agenturen!#REF! -> #REF! | D97: =+[1]passwörter_agenturen!#REF! -> #REF! | E97: =+[1]passwörter_agenturen!#REF! -> #REF! | F97: =+[1]passwörter_agenturen!#REF! -> #REF! | G97: =+[1]passwörter_agenturen!#REF! -> #REF! | H97: =+[1]passwörter_agenturen!#REF! -> #REF! | ... Z97: =+[1]passwörter_agenturen!#REF! -> #REF!
A98: =+[1]passwörter_agenturen!#REF! -> #REF! | B98: =+[1]passwörter_agenturen!#REF! -> #REF! | C98: =+[1]passwörter_agenturen!#REF! -> #REF! | D98: =+[1]passwörter_agenturen!#REF! -> #REF! | E98: =+[1]passwörter_agenturen!#REF! -> #REF! | F98: =+[1]passwörter_agenturen!#REF! -> #REF! | G98: =+[1]passwörter_agenturen!#REF! -> #REF! | H98: =+[1]passwörter_agenturen!#REF! -> #REF! | ... Z98: =+[1]passwörter_agenturen!#REF! -> #REF!
A99: =+'ex BH PW'!H120 -> HDI Leben | B99: =+'ex BH PW'!J120 -> 021449 | C99: =+'ex BH PW'!I120 -> 519080 | D99: =+'ex BH PW'!K120 -> 0 | E99: =+'ex BH PW'!L120 -> 612601 | F99: =+'ex BH PW'!M120 -> 0 | G99: =+'ex BH PW'!N120 -> 0 | H99: =+'ex BH PW'!P120 -> 0 | I99: =+'ex BH PW'!Q120 -> 0 | J99: =+'ex BH PW'!R120 -> 0 | K99: =+'ex BH PW'!S120 -> 0 | L99: =+'ex BH PW'!T120 -> 0 | M99: =+'ex BH PW'!U120 -> 0 | N99: =+'ex BH PW'!V120 -> 0 | O99: =+'ex BH PW'!W120 -> 0 | ... Z99: =+'ex BH PW'!AH120 -> 0
A100: =+'ex BH PW'!H121 -> HDI Sach | B100: =+'ex BH PW'!J121 -> 203-44780 | C100: =+'ex BH PW'!I121 -> 2020002410 | D100: =+'ex BH PW'!K121 -> 0 | E100: =+'ex BH PW'!L121 -> 0 | F100: =+'ex BH PW'!M121 -> 0 | G100: =+'ex BH PW'!N121 -> 0 | H100: =+'ex BH PW'!P121 -> 0 | I100: =+'ex BH PW'!Q121 -> 0 | J100: =+'ex BH PW'!R121 -> 0 | K100: =+'ex BH PW'!S121 -> 0 | L100: =+'ex BH PW'!T121 -> 0 | M100: =+'ex BH PW'!U121 -> 0 | N100: =+'ex BH PW'!V121 -> 0 | O100: =+'ex BH PW'!W121 -> 0 | ... Z100: =+'ex BH PW'!AH121 -> 0
...

Sheet VEMA-Nr´n
A1: Vermittlernummern (alle Versicherer) Stand: 13.01.2017
A2: Versicherer | B2: VmNr | C2: Attribute
A3: Aachener Bausparkasse AG
A4: ACE European Group Limited Direktion für Deutschland | B4: 2202_VEMA | C4: keine Anbindung (VR)
A5: Adcuri | B5: 950212022
A6: Advigon Versicherung AG | B6: 3780145 | C6: Zuordnung bestätigt
A7: Aegon Niederlassung Deutschland der Aegon Ireland plc
A8: AIG Europe Limited (Marke WüBa) | B8: 16603-000 | C8: Zuordnung bestätigt
A9: ALLCURA Versicherungs-Aktiengesellschaft
A10: Allianz Versicherungen | B10: 0603123 | C10: Zuordnung bestätigt KV
A11: Allianz Versicherungen | B11: 2202_VEMA | C11: keine Anbindung (VR) Sach
A12: Allianz Versicherungen | B12: 501102650 | C12: Zuordnung bestätigt LV
A13: Allianz Versicherungen | B13: 702022262 | C13: Zuordnung bestätigt CZ beendet (VM) LV
A14: Allianz Versicherungen | B14: 705850637 | C14: Zuordnung bestätigt KV
A15: Allianz Esa cargo & logistics GmbH
A16: Allianz Global Assistance
A17: ALTE LEIPZIGER | B17: 580678001 | C17: nicht zugeordnet LV Sach
A18: ALTE LEIPZIGER | B18: 580678002 | C18: Verbundnummer
A19: Alte Oldenburger Krankenversicherung AG
A20: Amlin Insurance SE Direktion für Deutschland
A21: Ammerländer Versicherung VVaG | B21: 24600 | C21: Zuordnung bestätigt
A22: ANGLO Underwriting GmbH
A23: ARAG Versicherungen | B23: 2202_VEMA | C23: keine Anbindung (VR)
A24: Atradius Kreditversicherung
A25: AUXILIA Rechtsschutz-Versicherungs AG | B25: 107175 | C25: Zuordnung bestätigt
A26: AUXILIA Rechtsschutz-Versicherungs AG | B26: 112366 | C26: Zuordnung bestätigt CZ beendet (VM)
A27: AXA Versicherungen | B27: 1035006249 | C27: nicht zugeordnet LV
A28: AXA Versicherungen | B28: 1048000805 | C28: Zuordnung bestätigt Sach
A29: AXA Versicherungen | B29: 1048001741 | C29: nicht für Neugeschäft Sach
A30: AXA Versicherungen | B30: 1048001767 | C30: nicht für Neugeschäft Sach
A31: AXA Versicherungen | B31: 1048001772 | C31: nicht für Neugeschäft Sach
A32: AXA Versicherungen | B32: 1048001791 | C32: nicht für Neugeschäft Sach
A33: AXA Versicherungen | B33: 5707000805 | C33: nicht zugeordnet KV
A34: Baden-Badener Versicherung AG | B34: 782644 | C34: Zuordnung bestätigt
A35: Baloise Luxembourg
A36: Barmenia | B36: 0021/1650 | C36: nicht zugeordnet
A37: Basler Versicherungen | B37: 082225 | C37: Zuordnung bestätigt
A38: BavariaDirekt OVAG - Ostdeutsche Versicherung Aktiengesellschaft
A39: Bayerische Hausbesitzer-Versicherungs-Gesellschaft a.G. | B39: 6255 | C39: Zuordnung bestätigt
A40: Berliner Versicherung (BVAG)
A41: BGV / Badische Versicherungen
A42: BHW
A43: BSG Basler Service GmbH | B43: VEMA-2202-00 | C43: Zuordnung bestätigt
A44: Canada Life | B44: A5G6 | C44: Zuordnung bestätigt
A45: Care Concept AG
A46: Carl Rieck Assecuradeur GmbH
A47: CENTRAL | B47: 2202_VEMA | C47: keine Anbindung (VR)
A48: Chubb Insurance Company of Europe SE
A49: Coface
A50: Concordia Versicherungen | B50: 35143/000 | C50: Zuordnung bestätigt
A51: Concordia oeco Lebensversicherungs-AG
A52: Condor Versicherungen | B52: 14855 | C52: nicht zugeordnet Investmentfonds LV
A53: Condor Versicherungen | B53: 806252 | C53: Zuordnung bestätigt LV
A54: Confiserie Burg Lauenstein GmbH
A55: CONSAL (BBKK und UKV)
A56: Continentale Versicherungen | B56: 6100401 | C56: Zuordnung nicht gewünscht Zuordnung von VR abgelehnt
A57: D.A.S. Allgemeine Rechtsschutz Versicherung AG (ERGO)
A58: DA direkt - Deutsche Allgemeine Versicherung (Zurich Gruppe)
A59: DEURAG Versicherungen | B59: 47502 | C59: Zuordnung bestätigt
A60: DEURAG Versicherungen | B60: 51089 | C60: Anbindung über Invers
A61: Deutscher Ring Krankenversicherung | B61: 911/0988 | C61: Zuordnung bestätigt KV
A62: DEVK Deutsche Eisenbahn Versicherung
A63: DFV Deutsche Familienversicherung AG
A64: Dialog Lebensversicherung | B64: 480203 | C64: Zuordnung bestätigt
A65: Die Bayerische (ehemals BBV)
A66: Die Hinterbliebenenkasse HDH Versicherungsverein a G. | B66: 1700999 | C66: Zuordnung bestätigt
A67: Direct Line Versicherung AG
A68: DKV Krankenversicherung AG (ERGO) | B68: 245353852 | C68: nicht zugeordnet
A69: DKV Krankenversicherung AG (ERGO) | B69: 88622-1478 | C69: Zuordnung bestätigt
A70: DKV Krankenversicherung AG (ERGO) | B70: 886985 | C70: nicht für Neugeschäft Verbundnummer
A71: DMB Rechtsschutz | B71: 9458 | C71: Zuordnung bestätigt
A72: Docura VVaG Versicherungen
A73: DOMCURA AG | B73: VEMA2202 | C73: Zuordnung bestätigt
A74: elipsLife German Branch
A75: Ergo LV | B75: 00555-1323 | C75: Zuordnung bestätigt nicht zugeordnet LV
A76: Ergo | B76: 60001-3404 | C76: nicht zugeordnet
A77: Ergo LV | B77: 886985 | C77: nicht für Neugeschäft LV Verbundnummer
A78: ERV AG (ERGO) | B78: 015317002202 | C78: Zuordnung bestätigt
A79: Euler Hermes Kreditversicherungs-AG
A80: EUROPA Versicherungen
A81: EXTREMUS Versicherungs-AG
A82: FondsKonzept AG | B82: 2202_VEMA | C82: Courtagezusage beantragt
A83: Friends Provident International fpb financial partners business AG
A84: Generali Versicherungen / Advocard Rechtsschutz | B84: 106151 | C84: Zuordnung bestätigt
A85: German Assistance Versicherung AG
A86: GHV Darmstadt Anstalt des öffentlichen Rechts | B86: 2202_VEMA | C86: keine Anbindung (VR)
A87: Gothaer | B87: 28.446 | C87: Zuordnung bestätigt Sach
A88: Gothaer | B88: 691-2336 | C88: Zuordnung bestätigt LV
A89: Grundeigentuemer Versicherung VVaG
A90: GVO Gegenseitigkeit Versicherung Oldenburg VVaG | B90: 3638 | C90: Zuordnung bestätigt
A91: Hallesche Private Krankenversicherung | B91: 482367 | C91: nicht zugeordnet KV
A92: Hallesche Private Krankenversicherung | B92: 580678002 | C92: Verbundnummer
A93: Hannoversche Leben | B93: 501588-000 | C93: Zuordnung bestätigt
A94: HanseMerkur Versicherungsgruppe
A95: HDI Global SE
A96: HDI Versicherungen | B96: 202-0002410 | C96: Zuordnung bestätigt Sondernummer für VEMA-Rahmenvertrag etc.
A97: HDI Versicherungen | B97: 203-28322 | C97: spezielle Vermittlernummer notwendig Sach
A98: HDI Versicherungen | B98: 203-44780 | C98: spezielle Vermittlernummer notwendig Sach
A99: HDI Versicherungen | B99: 212-33950 | C99: spezielle Vermittlernummer notwendig Sach
A100: HDI Versicherungen | B100: 212-33951 | C100: spezielle Vermittlernummer notwendig Sach
...

Sheet Invers interne Nr´n
A1: Kurz. | B1: Anbieter | C1: Vermittler-Nr beim Anb.
A2: AAB | B2: Augsburger Aktienbank | C2: 9900133692
A3: ADC | B3: ADCURI | C3: 950094925
A4: ALTSA | B4: Alte Leipziger Sachversicherung | C4: 130656.466 Sach-Nr. 22-2409
A5: AUX | B5: Auxilia | C5: 108980
A6: AXASA | B6: AXA Sachversicherung | C6: 1036008206
A7: BAD | B7: Baden Badener | C7: 76993201
A8: BARKV | B8: Barmenia Versicherungen | C8: 0021/1695
A9: BASSA | B9: Basler Versicherungen | C9: 621-285
A10: BAYSA | B10: Bayerische Sachversicherung | C10: 090124
A11: CCOSA | B11: Concordia Versicherungsgesellschaft a.G. | C11: 55280-055
A12: DEURAG | B12: DEURAG Rechtsschutz AG | C12: 51089
... A39: ZURLV | B39: Zurich Deutscher Herold Lebensversicherung AG | C39: 222963

Sheet Frank Malzahn
A1: Adressenliste und Anmeldungen online
A3: Gesellschaft | B3: Adresse | C3: Telefon/Fax | D3: Verm.-Nr. | E3: Benutzer | F3: Passwort | G3: Internet-Adr.
A5: Apella AG | E5: 36809 | F5: 942876 | G5: www.apella.de
A9: Amex | E9: AX40464 | F9: 101045 | G9: www.amex-online.de
A12: Alte Leipziger AG | B12: Alte Leipziger Platz 1 | D12: 827053.001 Verb. VNR | E12: Malzahn.F | F12: 160568 | G12: www.al-vermittler.de
B13: 61440 Oberursel | D13: 23-9855 Frank Sach
E14: Malzahn.E | F14: 191108
A17: ARAG | B17: ARAG Platz 1 | C17: T 0211 9890 1616 | D17: 565/28214 | G17: www.arag.de
B18: 40472 Düsseldorf | C18: F 0211 963 2850
A20: AXA Versicherung AG | B20: Colonia Allee 10-20 | D20: 80/36/00/0462 Frank | E20: AXA35986 | F20: Katharina1 | G20: www.axa.de
B21: 51067 Köln | D21: 80/36/00/0633 Elke | F21: (auch für sichere Nachrichten)
A24: Baden Badener | D24: 77005410 | E24: 77005410 | F24: g2ihANUHC4 | G24: www.bb-maklerwelt.de.
A30: Bayerische | B30: Thomas-Dehler-Str-. 25 | C30: 0180 1228366 | D30: 6801 581213 Frank | E30: MAK581213-0001 | F30: FrankMal1 | G30: www.bbv.de
B31: 81737 München | D31: 6801 580370 Elke | E31: MAK580370-0001 | F31: FrankMal1
A34: Condor | B34: Admiralitätsstr. 67 | C34: T 040 36139 0 | D34: 78468 | E34: 78468 | F34: Katharina1 | G34: www.condor-versicherungsgruppe.de
B35: 20459 Hamburg | C35: F 040 36139-100 | E35: Anmeldung R+V
A38: Concordia | D38: 55197 | E38: 55197000 | F38: Cordial01 | G38: www.concordia.de
G40: Login allg.
A41: DEURAG | B41: Die Freiheit 14 | C41: T 0561/780061 | D41: 21003 | E41: 21003 | F41: FrankM | G41: www.rs.deurag.de
B42: 34117 Kassel | C42: F 0561 102973 | F42: Benutzer: malzahn | G42: www.deurag.de
F43: Passw.:KatharinaHe1 (31.5.16) | G43: für GDV-Download
E45: 9111984 | F45: bu3c#kH7 | G45: www.deutscherring-kranken-makler.de
A46: Deutscher Ring | B46: Ludwig-Erhard-Str. 22 | C46: T 040 3599-50 | D46: 5315/0001 | E46: Antr.-Bausparen(Begleitz.)
B47: 20459 Hamburg | C47: F 040 3599-5128 | E47: über Apella
D48: Sicherheitsfrage:
A49: easyLogin | C49: 0921 75758 555 | D49: Katharina Heußer | E49: vb027300880 | F49: FrankM | G49: www.easy-login.de
D50: Antw.: 13.06.1962
E51: Benutzername GDV | F51: FrankMal01 (08.01.2018)
A52: ERGO / Victoria | B52: Stresemannstr. 111 | C52: 030 88781- | E52: OM_V173043_MaFr | G52: www.makler-ergo.de
B53: 10963 Berlin | F53: PIN 2412 | G53: www.datenbereitstellung.de
E54: E843589
D55: 135886
A56: Generali | B56: Adenauer Ring 7-11 | C56: 01803 284666 | D56: 156902 | E56: Alias:FrankMal1 | F56: Sommer2018 | G56: www.maklernet.generali.de
B57: 81737 München | D57: für GDV-Daten | E57: G156902A | F57: FrankMal1 | G57: www.generali.de
A59: Gothaer | D59: 28269 | E59: V103059 | F59: Frank12M | G59: www.makler.gothaer.de
C61: Herr Lang
A62: Haftpflichtkasse Darmstadt | B62: Postfach 11 26 | C62: T 06154 601-1356 | D62: 009530-525
B63: 64373 Roßdorf | C63: F 06154/601-2356
A66: HDI | B66: Postfach 101 625 | C66: 0221 144 3001 | D66: 257544 | E66: 257544HDI | F66: AnnettWer18 | G66: www.mymaklernet.de
B67: 50456 Köln | C67: 0221 144 61975 | E67: fzf3nkf8 | F67: 42013
F68: 98527
A69: Ideal Versicherung | E69: 62698 | G69: www.ideal-versicherung.de
A72: Interlloyd | B72: ARAG Platz 1 | C72: 0211 96307 | D72: Frank 798527 | E72: M798527 | F72: FrankMal1 | G72: www.interlloyd.de
B73: 40464 Düsseldorf | D73: Elke 79852706
A76: Interrisk | D76: 7850391 | E76: 7850391-Sach | F76: FrankM05 | G76: www.interrisk.de
E77: 22326-Leben
F79: für Prov. 985278704
A80: Itzehoer | B80: Hansrstr. 10 | C80: 04821 7730 | D80: 8704 | E80: 8704 | F80: AnnettW1
B81: 25521 Itzehoe | D81: GDV per Mail | F81: frank.malzahn@t-online.de
A83: Janitos | C83: T 06221 709 1565 | D83: 94600214 Elke | E83: fmalzahn | F83: 160568 | G83: www.portal.janitos.de
C84: F 6221 709 1562 | D84: 10410028 Frank Apella
A86: Konzept & Marketing | C86: T 0511 640 540 | D86: 32309 | E86: 32309 | F86: FrankMal1 | G86: www.k-m.info
C87: F 0511 640 5444
A89: KS Auxilia | D89: 82/998525 | E89: frank.malzahn@t-online.de | F89: FrankMal1 | G89: www.ks-auxilia.de
F90: SMS Code 514836
A92: Nürnberger | B92: Kapuzinerstraße 9 | C92: 089 544 344-0 | D92: 152/05/3183 | E92: B010699 | F92: Frank + ID | G92: www.nuernberger-portal.de
A93: Versicherungsgruppe | B93: 80337 München
A95: R + V | B95: Raiffeisenplatz 1 | C95: T 01802 7858633 | D95: 406/453657 | E95: ROM07yy | F95: FrankMal1 | G95: www.ruv.de
B96: 65189 Wiesbaden | C96: F 0611533 4500
A97: R+V über Apella | D97: 089097 | E97: rom1diz | F97: FrankMal1 | G97: www.makler.ruv.de
A100: Signal Iduna | B100: Bismarkstr. 101 | C100: T 030 88701-150
A101: Vertriebspartnerservice AG | B101: 10625 Berlin | C101: F 030 88701-148 | D101: 296/3785 | E101: u032747 | F101: Hendrik1 (01.09.2016) | G101: MAKwww.si-vp.de
C102: Tel. Kennw.
C103: 0231-135 7000
A105: Die Stuttgarter | B105: Rothebühlstr. 120 | C105: T 0711 665-0 | D105: 83 570 384 | E105: frank.malzahn | F105: FrankMal01 | G105: https://extranet.stuttgarter.de
B106: 70197 Stuttgart | C106: F 0711 665-1516
B107: MKL LD
A108: Universa | B108: Kurfürstenstr. 130 | C108: T 030 236 33 790 | E108: frank.malzahn@t-online.de | F108: FrankMal1 | G108: www.universa.de
B109: 10785 Berlin | C109: F 0341 236 33 7919
A111: VHV Versicherungen | E111: 102909000 | F111: FrankM + | G111: www.vhv-max.net
E112: 102909001 2. Stick | F112: Secur-ID
A114: Württembergische Vers. | D114: 4800-7480-7 | E114: 01Z38M | F114: AnnettW1 (15.01.2018) | G114: (http://vertriebsportal.wuerttembergische.de
D115: 0808-5580-0
A117: Zürich Gruppe Deutschland | E117: 9162477 | F117: AdrianMal1 | G117: www.zurich.de
A120: Uelzener | D120: 000/29471 | E120: 000/29471 | F120: FrankM1+ | G120: www.uelzener.de
A122: Care Concept - Union Service | F122: http://www.care-concept.de/index.php?vmnr=0024060000&vmmx=3523680
A124: Baden Badener | D124: 77005410 | E124: 77005410 | F124: FrankMal1 | G124: www.bb-maklerwelt.de
A126: Hanse-Merkur
A128: Alte Leipziger BSK (Gothaer) | D128: 600028446
